지점,일시,평균기온(°C),최저기온(°C),최저기온 시각(hhmi),최고기온(°C),최고기온 시각(hhmi),일강수량(mm),평균 풍속(m/s),평균 상대습도(%),합계 일조 시간(hr)
146,2014-01-01,5,-.3,731,10.3,1503,,2.1,60.1,7.9
146,2014-01-02,3,-1.4,709,9.7,1251,,1,60,7.9
146,2014-01-03,4,-1.6,701,12.4,1316,,.8,42.9,6
146,2014-01-04,1.5,-2.6,2349,6.6,1543,,1.3,52.8,7.9
146,2014-01-05,-.4,-5.3,729,5.5,1526,,1,62.1,7.6
146,2014-01-06,.4,-4.8,602,7.9,1421,,1.1,57.3,7.8
146,2014-01-07,3,-3.4,741,9.5,1502,,.8,50.4,6.2
146,2014-01-08,2.3,-1.5,2354,4.6,1532,.5,1.8,61.8,.7
146,2014-01-09,-4.2,-7.8,2359,-1,1346,,3.5,35.1,7.9
146,2014-01-10,-2.2,-9,214,3.1,1401,,1.2,54.4,4.8
146,2014-01-11,.3,-2.9,2336,4.6,1522,,1.2,63.3,4.6
146,2014-01-12,.3,-3.4,121,6,1302,,1.8,57.4,3.1
146,2014-01-13,-3.5,-8.3,754,1,1555,,2,36.6,7.9
146,2014-01-14,-3.4,-9.7,713,3.4,1407,,1.2,45.4,7.9
146,2014-01-15,-2.5,-8,726,4.1,1236,,1.2,54,8
146,2014-01-16,-.8,-6.7,736,6.5,1333,,1.2,64.3,6.7
146,2014-01-17,.6,-4.2,708,6.7,1300,,.9,70.9,5.2
146,2014-01-18,-.1,-3.7,2351,5.1,1330,0,2.1,62.6,5.1
146,2014-01-19,-1.4,-8.1,738,4.9,1405,,1.1,47.1,7.6
146,2014-01-20,2.4,-1.5,2350,6.2,1440,2,3,71.6,1.4
146,2014-01-21,-2.6,-5,2333,-.2,1351,2.1,2.4,72.8,2.3
146,2014-01-22,-2.7,-7.8,723,3.5,1349,,1.3,68.5,7.5
146,2014-01-23,-1.1,-7.4,744,7,1601,,1,63.9,8.6
146,2014-01-24,6.8,-2,1,12.7,1431,,1.8,58,4.9
146,2014-01-25,9,3.3,2342,13.4,909,0,2.8,75.1,0
146,2014-01-26,.6,-3.1,2358,5.5,1607,,2,54.1,8.8
146,2014-01-27,1.6,-5.3,709,10.7,1442,,1.2,50,8.8
146,2014-01-28,3.7,-2.1,2348,10,1425,0,1.5,62.3,5.3
146,2014-01-29,4.3,-5.5,728,13,1352,0,.9,53.5,5.4
146,2014-01-30,6.6,3.5,2355,10,2,2,1.5,91.9,0
146,2014-01-31,5,-2.1,742,13.7,1506,,.8,63.3,8.6
146,2014-02-01,14.2,6.8,17,19.3,1635,0,2.6,57.3,5.8
146,2014-02-02,9.4,6.6,2157,14.6,1,.2,1.6,97,0
146,2014-02-03,1.3,-4.7,2355,7.1,125,,3.7,50.8,4.6
146,2014-02-04,-4.8,-7.4,643,-1.1,1556,,3.6,32,9
146,2014-02-05,-3.4,-7.7,346,1.9,1535,,1.3,34.5,4
146,2014-02-06,.8,-4.3,143,7,1325,,1.3,36.8,7.1
146,2014-02-07,4,-1.7,43,9.7,1438,,1.7,53.1,2
146,2014-02-08,3,1,2343,5.8,1123,1.5,1.5,87,0
146,2014-02-09,.3,-.9,2236,2.5,1436,0,2.7,74.1,.8
146,2014-02-10,1.2,-1.8,532,5.9,1505,.5,1.6,69.8,3.7
146,2014-02-11,2,-2.9,659,7.9,1422,,1.5,52.6,8.8
146,2014-02-12,3.2,-.9,119,8.8,1404,,1,47.3,6.8
146,2014-02-13,3.2,-2.6,542,8.6,1352,,.9,52.9,4.9
146,2014-02-14,2.9,-1.1,527,8.5,1554,,1.1,50.5,5.5
146,2014-02-15,2.1,-4.1,724,9.5,1612,,1.1,56.5,9.3
146,2014-02-16,4.4,-2.7,453,12.5,1525,,.9,52.5,5.9
146,2014-02-17,5.7,2.4,724,9.8,1423,0,.9,51.5,1.2
146,2014-02-18,4,.1,2311,8.2,1355,,1,53.4,1.4
146,2014-02-19,2.9,-2.7,722,9.5,1527,,.9,46.5,8.8
146,2014-02-20,1.5,-3.4,714,7.4,1304,,1.1,60.3,6.6
146,2014-02-21,1.1,-4.3,722,7.7,1640,,1,54.5,9.3
146,2014-02-22,2,-4.7,720,9.8,1344,,1,59.5,8.9
146,2014-02-23,3.1,-3.1,551,11,1445,,.7,58,8.5
146,2014-02-24,4.8,-2.2,627,13.3,1429,,.6,55.9,8.5
146,2014-02-25,6.8,-1,707,14.9,1441,,.4,54.1,6.2
146,2014-02-26,8.3,4.2,415,13,1408,0,.6,56.4,0
146,2014-02-27,8.4,4.8,2351,14.9,1327,,1.3,66.8,7.7
146,2014-02-28,7.4,4.3,720,12,1420,,1,69.8,2.4
146,2014-03-01,5.9,3.3,2400,7.8,1540,.5,1.1,72.6,0
146,2014-03-02,5.2,.3,455,11.6,1536,,1.7,53,9
146,2014-03-03,5.3,-2.1,644,13.5,1511,,1.1,37.1,9.7
146,2014-03-04,5.7,0,557,13.3,1251,,1.1,45.6,4.2
146,2014-03-05,3.4,.1,2336,8.3,1316,,2.8,41.6,9.4
146,2014-03-06,1.4,-4.3,701,6.6,1443,.2,1.6,45.2,8.8
146,2014-03-07,1.6,-3.9,656,7.2,1515,,2.2,36.9,10.1
146,2014-03-08,2.2,-3.7,558,8.2,1340,,1.4,46,6.7
146,2014-03-09,2.7,-1.3,2357,7.9,1418,2.5,2,60.9,4.8
146,2014-03-10,1.4,-5.3,700,8.6,1401,,1.3,50.4,10.1
146,2014-03-11,5.2,-3.3,527,15.8,1508,,1.1,44.3,9.8
146,2014-03-12,8.3,.9,214,11.5,1016,30,1.2,77.9,0
146,2014-03-13,4.9,1.8,1748,8,1,9,1.3,92.5,0
146,2014-03-14,4.1,1.2,2346,8.7,1555,.5,1.6,71.9,7.4
146,2014-03-15,8.6,-.2,227,15.2,1436,,2.2,50.3,10
146,2014-03-16,12.3,6.5,346,19.9,1448,,1.6,52.3,9.8
146,2014-03-17,14.8,7.3,634,23.7,1446,0,2.2,56.9,7.6
146,2014-03-18,10.8,6.1,2358,16.3,26,2.5,1.6,84.5,3.6
146,2014-03-19,10.3,5.2,237,16.2,1419,,1.2,70.3,1.9
146,2014-03-20,6.7,4.2,2304,11,1350,.6,2.4,64.1,6.2
146,2014-03-21,5.6,1.2,616,11.6,1438,,1.8,56.6,10.2
146,2014-03-22,8.2,.6,337,17.1,1547,,1.2,55.8,10.6
146,2014-03-23,9.5,2.4,634,17.7,1426,,1.3,53.1,10.3
146,2014-03-24,11.5,2,500,18.3,1514,0,1.3,42.6,8.6
146,2014-03-25,14.4,13.5,201,17,1049,17.5,1.8,74.4,0
146,2014-03-26,14.1,10.6,2243,19.9,1616,22,1.1,89.8,3.6
146,2014-03-27,13.1,7.8,510,20.1,1558,,1.1,71.9,8.5
146,2014-03-28,17.8,7.8,638,25.9,1255,,1.5,49.8,8.1
146,2014-03-29,15.1,14,827,17.6,27,9,1.3,92.1,0
146,2014-03-30,13.4,9.2,2354,18.5,1434,1.5,1.9,81.8,4.7
146,2014-03-31,12.4,6.8,609,20.1,1606,,1.1,67.8,6.2
146,2014-04-01,13.9,5.5,629,23.6,1524,,1.2,52.5,10.5
146,2014-04-02,14.6,6.9,607,23,1453,,1.3,41,10.5
146,2014-04-03,10.8,4.7,2331,19.2,1458,2,1.8,53.9,7.5
146,2014-04-04,6.9,3.3,2359,12.2,1257,,2.2,50.6,10.7
146,2014-04-05,5.7,.4,619,12.1,1241,1,2.1,56.9,8.8
146,2014-04-06,7.3,1.8,637,13.9,1451,,1.9,47.8,10.9
146,2014-04-07,10.2,3.6,520,17.7,1332,,1.5,47,10.6
146,2014-04-08,12,2.4,612,21.4,1509,,1.3,36.1,11.2
146,2014-04-09,11.9,4.5,545,19.9,1259,,1.4,60,10.7
146,2014-04-10,13.5,8.6,659,22,1530,,1.3,65.4,8.4
146,2014-04-11,14.5,10.7,104,19.8,1617,0,1,62.9,0
146,2014-04-12,16.4,11.3,345,22.2,1553,,1,50.9,4.2
146,2014-04-13,14.2,10.1,2352,19.5,1524,3,.9,81.9,1.6
146,2014-04-14,14.8,6.5,614,23.9,1441,,1.4,52.4,11.3
146,2014-04-15,15,7.3,534,23,1326,,1.3,66.9,9.1
146,2014-04-16,17,10.6,2400,24.7,1358,,1.3,49.9,9.5
146,2014-04-17,13.2,7.1,538,22.4,1050,16,1.1,61.6,3.9
146,2014-04-18,15,11.7,2400,20.5,1645,.2,.8,78.6,3.7
146,2014-04-19,15.3,11.3,46,20.5,1551,,1.5,58.1,3.4
146,2014-04-20,15.5,11.4,621,22.1,1448,,1.5,40.8,9.2
146,2014-04-21,15.3,8.5,559,22.4,1534,,1.4,60,9.8
146,2014-04-22,14.8,9.9,2355,22.8,1439,,1.3,54.8,7.8
146,2014-04-23,15.9,7.1,544,24.7,1445,,1.3,43.6,11.2
146,2014-04-24,17.5,9.3,535,26.8,1315,,1.3,46.5,9.9
146,2014-04-25,18.4,9.8,544,27.2,1455,,1.3,38.6,10.5
146,2014-04-26,19.3,12.1,532,25.4,1510,,1.4,38.3,3.2
146,2014-04-27,15.6,13.5,2305,19,1234,20.5,1,80.5,0
146,2014-04-28,16,12.8,2352,20.7,1303,21.5,1.9,71.9,.9
146,2014-04-29,15.1,12.5,120,17.8,1654,15.5,1.1,87.8,2
146,2014-04-30,15.5,12.4,2359,20.4,1144,,1.4,69.8,6.2
146,2014-05-01,15.6,9.6,544,22.9,1507,,1.3,61.1,11.8
146,2014-05-02,17.1,9.5,542,27.8,1523,,2.2,57.5,8.8
146,2014-05-03,14,8.6,620,21.2,1431,,2,48.8,11.9
146,2014-05-04,13.8,7.8,247,23.1,1407,5,1.9,61.4,3.8
146,2014-05-05,11,5.4,527,17.4,1516,,1.9,54.4,11.8
146,2014-05-06,13.4,5.9,601,20.7,1531,,1.4,44.4,12.2
146,2014-05-07,17.1,7.4,343,25.4,1549,,2.2,33.8,12.1
146,2014-05-08,14.9,9.8,2354,18.8,1527,1.5,2.4,72.4,7.7
146,2014-05-09,16.7,8.6,246,24.4,1647,,1.4,62.3,10.8
146,2014-05-10,20.5,12.3,507,29.4,1549,,1.5,37.3,11.9
146,2014-05-11,19.2,13.8,322,25.8,1334,15.5,3.2,50.3,1.3
146,2014-05-12,18.3,14.5,706,23.1,1555,9.5,2.5,71.5,10.5
146,2014-05-13,20.7,12.3,442,28.8,1508,,1.4,59.4,11.9
146,2014-05-14,19.3,15.5,2327,24.4,1456,0,1.4,59.8,4.1
146,2014-05-15,18.3,13.3,2346,24.1,1220,,1.8,61.3,10.1
146,2014-05-16,18.9,10.2,539,27.4,1541,,1.3,56,11.4
146,2014-05-17,20.1,12.5,531,27.9,1523,,1.4,50.4,12
146,2014-05-18,19.5,11.4,452,28,1443,,1.4,53.1,12.2
146,2014-05-19,20.5,11.8,457,29.1,1445,,1.3,47.4,9.9
146,2014-05-20,18.5,15.5,2352,22.7,1744,2,1,68.5,1.7
146,2014-05-21,17,11.7,502,24.1,1534,.1,1.3,79,7.5
146,2014-05-22,21.6,12.8,539,29.8,1410,,1.3,60.9,11.2
146,2014-05-23,22.3,18.6,49,27,1531,,1.5,69.1,6.4
146,2014-05-24,22.9,16.9,518,31.7,1412,,1.2,69,6.2
146,2014-05-25,21.9,19.2,1659,25,1015,.5,2.6,63.9,1.6
146,2014-05-26,20.3,14.6,2341,26.4,1607,5,2.1,59.1,10.9
146,2014-05-27,24.8,14.7,31,31.7,1613,,2.5,28.4,11.9
146,2014-05-28,23.5,18.2,2358,30.1,1253,.5,2.4,51.6,10.3
146,2014-05-29,23,15.8,653,32.1,1316,,1.4,56.5,12.3
146,2014-05-30,24.9,14.7,519,34.7,1515,,1.3,42.8,12.3
146,2014-05-31,25.8,18.4,317,34.8,1358,,1.4,43.6,12.1
146,2014-06-01,23.7,17.9,438,30.6,1354,,1,58.6,.4
146,2014-06-02,22.1,19.8,1124,26.7,1626,2,2,53.6,1.1
146,2014-06-03,21,17.3,639,25.2,1420,22,1.4,78.4,.9
146,2014-06-04,23.1,19.1,435,28.5,1333,3.5,1.9,65.9,5.1
146,2014-06-05,22.6,18.1,409,27.1,1550,,1.4,59.4,5.3
146,2014-06-06,23.4,17.4,519,28.9,1354,,1.4,54.8,8.4
146,2014-06-07,22.6,16.8,515,28.9,1203,,1.5,64.8,6.7
146,2014-06-08,22.1,19.2,449,27.9,1520,,1.3,72,3.9
146,2014-06-09,22.7,18.9,458,27.8,1108,,1.3,70.1,5.9
146,2014-06-10,23.2,18.8,358,28.8,1529,.5,1.4,72.1,5.6
146,2014-06-11,21,17.5,2358,28.2,1446,17.5,1.6,82.1,9.1
146,2014-06-12,19.8,14.6,1427,26.2,1257,40,1.4,86.6,6
146,2014-06-13,21.4,16.8,156,27.2,1541,,1.7,77.8,6.6
146,2014-06-14,22.2,17.4,348,28.4,1554,,1.5,69.1,11.2
146,2014-06-15,22.2,17,439,29.5,1454,,1.4,70.4,9.3
146,2014-06-16,23.5,16.5,420,30.6,1437,,1.4,65.1,8.5
146,2014-06-17,22.6,19.5,2357,27.5,1521,.5,1.1,82.8,.9
146,2014-06-18,23.1,16.7,529,30.5,1518,,1.4,70.3,8.9
146,2014-06-19,23.4,19.4,115,29.3,1544,,1.4,70.3,5.6
146,2014-06-20,24.2,18.4,405,31,1221,0,1.2,69.1,3
146,2014-06-21,23.6,20.2,514,27,1315,,1.1,74.1,.2
146,2014-06-22,24.4,19.3,520,29,1308,,1.4,71.8,5.7
146,2014-06-23,23.2,21.2,300,26.2,1631,1,1.6,79.9,1.8
146,2014-06-24,23.2,19.5,544,29.1,1339,2,1.6,75,9.7
146,2014-06-25,23.2,17.7,450,29.6,1339,,1.3,70.9,6.8
146,2014-06-26,24.8,19.2,528,30.6,1246,,1.4,66.1,7.8
146,2014-06-27,24.8,19.4,520,32.1,1511,,1.7,68.4,10.3
146,2014-06-28,24.5,20.5,224,30.4,1501,.4,1.9,70.3,10.5
146,2014-06-29,23.9,19.8,520,30.3,1357,0,1.7,70.6,8.1
146,2014-06-30,24.7,18.4,509,31.1,1546,,1.5,66.9,11.5
146,2014-07-01,26.2,19.5,515,34.3,1536,,1.6,63.6,11.4
146,2014-07-02,23.2,19.8,2347,29.5,1356,15.5,1.2,79.3,0
146,2014-07-03,21.2,19,137,22.9,1458,59.5,.7,99.8,0
146,2014-07-04,24.3,20.8,426,28.7,1129,1,1.2,85.4,5.7
146,2014-07-05,24.9,21.5,1940,28.9,1512,30,.9,85.4,0
146,2014-07-06,21.7,20.8,648,23.6,1108,4,1,93.6,0
146,2014-07-07,23.8,20.3,534,29.3,1447,2,1,88.4,1.4
146,2014-07-08,26.9,22.4,234,32.1,1333,3,1.5,82,7.9
146,2014-07-09,28,23.8,515,31.6,1400,.5,1.4,78.4,2
146,2014-07-10,26.8,23.5,447,32.3,1149,,1.8,77.6,9.3
146,2014-07-11,26.4,22.1,2345,33.3,1502,,1.4,68.8,6.9
146,2014-07-12,24.8,20.4,546,30.2,1319,.1,1,74.5,1.7
146,2014-07-13,24.2,21.2,537,29,1516,4.5,1.3,85,4.8
146,2014-07-14,26.1,21.6,546,32.4,1536,,1.3,72.9,9.4
146,2014-07-15,25.2,23,119,28.6,1511,,1,85.4,0
146,2014-07-16,26.1,22.3,602,31,1449,1,1.1,77.5,4.7
146,2014-07-17,23.5,21.6,558,26.6,1041,10.5,1.7,92.8,.1
146,2014-07-18,24.3,21.9,900,27.2,1459,20,1.7,93,.5
146,2014-07-19,26,23.2,424,31,1515,7.5,1.2,90.3,4.7
146,2014-07-20,27.5,23.9,549,32.4,1356,,1.1,81.8,6.8
146,2014-07-21,27.2,23.7,334,32.2,1634,,1.3,84.1,4
146,2014-07-22,27.3,23.2,452,32.7,1548,,1.5,76.3,6.3
146,2014-07-23,27.7,24.3,118,32.4,1452,,1.8,79,5.9
146,2014-07-24,27.9,24.6,1924,34.3,1422,57.5,1.4,86.8,5.8
146,2014-07-25,29.7,25.4,1,34.5,1415,.4,3,71.9,11.8
146,2014-07-26,25.8,21.7,2359,29.4,1450,1,2.9,76.1,5.3
146,2014-07-27,25,18.9,522,31.4,1415,,1.1,70.5,11.1
146,2014-07-28,24.4,21.2,555,28.3,1210,2.5,1.1,82.4,.1
146,2014-07-29,25.7,20.8,541,32.8,1610,1,1.2,83.4,7
146,2014-07-30,29.5,23.8,58,35.5,1349,,1.4,69,11.8
146,2014-07-31,28.2,24.4,2313,36,1557,1,1.4,77.5,8.3
146,2014-08-01,28.7,23.9,348,33,1413,0,1.8,65.8,.9
146,2014-08-02,28.6,26,1538,31.7,1137,3.5,3,60.5,1.2
146,2014-08-03,26.4,25.1,2359,27.8,1208,1,3,87.5,.4
146,2014-08-04,24.9,24.3,337,25.7,1355,18.5,2.1,98,0
146,2014-08-05,27.6,24.5,1,32.8,1346,,1.2,83.5,6.3
146,2014-08-06,26.7,23.5,504,30.9,1326,,1.1,85.1,1.7
146,2014-08-07,22.6,21.3,1042,25.2,1,53.5,.8,98.9,0
146,2014-08-08,25.1,21.4,536,30.3,1343,14,1.7,75.6,5.4
146,2014-08-09,26.2,21.1,526,31,1301,,1.7,61.8,11
146,2014-08-10,24.4,21.9,433,30.4,1227,10.5,1.2,83.4,2.8
146,2014-08-11,23.7,20.2,610,29.6,1541,,1.5,75.4,9.7
146,2014-08-12,24.9,18.9,612,30.9,1433,,1.2,74.3,10.5
146,2014-08-13,23.3,19.8,2328,27.3,1232,10,.9,93.6,0
146,2014-08-14,21.4,19.7,127,23.9,1605,17.5,.8,97.5,0
146,2014-08-15,24,20.8,552,28.4,1419,.5,1.1,88.3,2.8
146,2014-08-16,25,20.9,401,31,1402,.1,.9,82.5,3.9
146,2014-08-17,22.9,21.3,2233,26.7,1101,45.5,.9,96.5,0
146,2014-08-18,23.5,20.1,412,27.8,1321,81.5,1.4,95.3,.7
146,2014-08-19,23.9,22.3,610,27.6,1458,10,1,94.8,.1
146,2014-08-20,24,22.2,443,27.2,1314,6.5,.6,95.4,.2
146,2014-08-21,23.1,20.7,2255,29.5,937,20.5,2,96,3
146,2014-08-22,24.5,20.1,400,30.5,1457,,1.3,81.1,9
146,2014-08-23,24.4,19.9,556,30.2,1330,,.9,77.9,8.7
146,2014-08-24,24.3,21.3,346,28.9,1233,.4,1.1,85.4,.2
146,2014-08-25,23.7,22.4,439,28.8,1643,38.5,1.3,98.9,1.8
146,2014-08-26,25.5,22.9,437,30.5,1425,,1.3,87.6,4.3
146,2014-08-27,23.9,20.7,2349,27.6,1150,23.5,1,92,.5
146,2014-08-28,23.5,20.9,1,28.7,1343,,1.1,85.9,3.1
146,2014-08-29,23.6,20,2353,29.8,1501,,1.1,78,6.9
146,2014-08-30,23.5,17.1,557,30.7,1358,,1.2,71.9,10.1
146,2014-08-31,22.4,18,609,28,1241,,1,71.9,5.3
146,2014-09-01,23.9,16.5,512,31.4,1547,,1.1,63,10
146,2014-09-02,22.5,19.6,556,25.9,1509,12,1.1,78.5,.4
146,2014-09-03,23.3,20.7,2240,26.7,1350,6.5,2.4,90.6,0
146,2014-09-04,23.1,19.2,2347,28.7,1447,.5,1.3,80.3,6.7
146,2014-09-05,23.7,17.2,548,31.2,1552,,1,76.8,10.1
146,2014-09-06,24.3,20,618,31.5,1529,,1,77.4,5.9
146,2014-09-07,24.3,18.6,553,31,1351,,1.1,77.1,8.9
146,2014-09-08,23.1,19,2337,30.5,1517,,1.2,82.8,5.5
146,2014-09-09,21.8,16.9,2354,29.2,1346,,1.3,73.3,5.1
146,2014-09-10,20.4,13.3,609,28.4,1419,,1.2,67.6,10.2
146,2014-09-11,22.6,15.1,553,30,1406,,1.1,67,9.4
146,2014-09-12,22,18.4,2349,25.7,1435,1,1.1,84.4,0
146,2014-09-13,22.7,16.9,614,29.6,1439,,1,64.6,8.4
146,2014-09-14,22.1,16.1,545,29,1459,,1.1,67.1,9.8
146,2014-09-15,22.1,18.6,121,28.2,1324,,1.1,70.1,4.5
146,2014-09-16,21.6,16.3,617,28.4,1446,,1.3,64.9,9.4
146,2014-09-17,20.9,16.5,2351,26.7,1501,,1.1,66.5,4.5
146,2014-09-18,21,15.9,540,27,1333,,1,66.8,6.4
146,2014-09-19,19.9,15.3,621,26.9,1422,,1.2,62.4,9.3
146,2014-09-20,20.9,13,609,28.3,1425,,1.1,59.3,9.9
146,2014-09-21,21.7,15.4,643,28.4,1424,,1.3,58.4,10.5
146,2014-09-22,21.9,14.4,559,29.8,1403,,1.1,60.3,10.3
146,2014-09-23,20.8,15.1,631,28.1,1322,9,1,71,2.5
146,2014-09-24,19.4,17.1,2350,21.7,1500,47.5,1.3,97.1,0
146,2014-09-25,21.2,15.8,250,27.4,1352,,1.1,79.8,9
146,2014-09-26,22.4,18.7,610,27.4,1327,,1.4,76.4,4.3
146,2014-09-27,21,17.6,629,27.1,1243,4,1.2,84,6.1
146,2014-09-28,22,15.7,552,28.3,1347,,1,78.9,9.4
146,2014-09-29,20.3,18.3,2337,22.1,1,7.5,.7,95.1,0
146,2014-09-30,20.8,17.2,615,25.8,1325,.1,1,82.9,4.4
146,2014-10-01,21.2,18,544,26.2,1459,,1.3,72.6,5.9
146,2014-10-02,20.8,18,349,24.4,1612,,1.6,72.9,4.2
146,2014-10-03,17.3,12.6,2359,21.3,1519,,1.9,69,6.6
146,2014-10-04,17.9,10.7,531,25.3,1438,,1.6,61.9,10.1
146,2014-10-05,17.3,10.9,607,24.2,1431,,1.4,58.6,10.1
146,2014-10-06,15.7,9.8,642,22.4,1502,,1.3,64.8,10.1
146,2014-10-07,16.2,9.5,611,24.2,1427,,1.1,65.8,10
146,2014-10-08,16.7,9.9,555,24.4,1516,,1,69,9.9
146,2014-10-09,17.8,11.3,648,25.9,1502,,1,61.8,9.5
146,2014-10-10,19.7,10.9,609,30,1416,,1.3,55.9,9.9
146,2014-10-11,19.6,11.9,646,29,1446,,1.3,55.6,9.8
146,2014-10-12,17.7,10.6,655,22.4,1323,,1.4,66.9,2.2
146,2014-10-13,17.3,12.1,2357,22.8,1352,4.5,1.5,76.4,2.8
146,2014-10-14,13.8,9,702,20.7,1357,,1.2,72.6,9.7
146,2014-10-15,13.2,7.1,631,21,1436,,1.2,68.4,9.7
146,2014-10-16,13.6,8.3,2358,20.5,1226,3.5,2,63.4,8.5
146,2014-10-17,12.5,4.9,651,22.7,1443,,1.1,55.6,9.9
146,2014-10-18,13.6,5.2,638,23.8,1430,,1,54.5,9.8
146,2014-10-19,17.4,8.1,652,25.6,1300,.1,.9,47.9,7.6
146,2014-10-20,18.4,17.6,604,19.6,1148,23.5,1.4,93.8,0
146,2014-10-21,18.1,14.2,2346,22.4,1152,36,.9,98.9,.1
146,2014-10-22,14.8,10.6,2341,20.7,1308,11.5,1.3,80.1,6
146,2014-10-23,14.5,8.8,651,21.7,1425,,1,72.5,9
146,2014-10-24,14.9,9.4,648,22.6,1509,,.9,76.8,9.3
146,2014-10-25,15.3,9.5,647,24.9,1525,,1,74.8,9.2
146,2014-10-26,16,9.4,624,22.9,1531,,1.2,79.3,9
146,2014-10-27,12.7,6.7,2359,18.2,1554,,1.8,56.1,9.3
146,2014-10-28,10.3,3.3,556,19.6,1444,,1,62.5,9.3
146,2014-10-29,12.6,6,302,21,1341,,.8,63.5,6.8
146,2014-10-30,13.9,7.6,511,20.6,1334,,.8,65.3,3.7
146,2014-10-31,13.1,10.7,948,15.1,2239,22,1.1,94.6,0
146,2014-11-01,13.9,12.2,2349,15.5,1553,3.5,.8,99.3,0
146,2014-11-02,12.3,9.5,2400,14.5,1500,10.5,1.8,75.4,3.5
146,2014-11-03,9,3.9,659,14.9,1554,,1.4,54,8
146,2014-11-04,9.5,2.9,529,18.2,1505,,1,69.4,9.1
146,2014-11-05,10.7,4,634,19,1510,,.9,70.6,8.5
146,2014-11-06,12.7,8.2,622,19,1354,,1,74.9,6.5
146,2014-11-07,9.9,5.8,647,16.7,1343,,1.1,75.6,8.9
146,2014-11-08,10.8,6,102,14.5,1319,,.7,82.5,.4
146,2014-11-09,10.8,5.2,2359,15.7,1441,,1.3,66.4,8.8
146,2014-11-10,8.6,2.3,618,17.6,1429,,.9,64,8.8
146,2014-11-11,8.9,2,647,15.9,1341,,.9,72,7.8
146,2014-11-12,8.9,4.8,2329,13.3,1204,6,2.5,69.8,3.5
146,2014-11-13,3.8,1.2,630,6.3,1247,0,2,52,3.6
146,2014-11-14,5.8,2.5,400,11.8,1404,1,1.1,66.3,5.7
146,2014-11-15,6.1,.2,654,11.6,1157,,1,71,6.3
146,2014-11-16,8.4,4.9,408,14.3,1340,,.9,55.3,5.5
146,2014-11-17,6.9,3.3,2353,13,1530,1.5,1.2,69.6,4.3
146,2014-11-18,5.4,-.1,647,12.1,1354,,1.1,72.6,8.5
146,2014-11-19,5.4,-1.4,713,13.7,1439,,.8,60.9,7.8
146,2014-11-20,6.8,.2,714,15.5,1409,,.9,62.8,8.5
146,2014-11-21,8.8,2.4,541,17.5,1511,,.7,65.1,7.9
146,2014-11-22,10.1,5,513,17.7,1057,,1.1,77.5,3.2
146,2014-11-23,9.8,3.5,642,14.7,1318,,.7,77.5,4.7
146,2014-11-24,10.1,9.5,2032,11.4,2207,42,.7,98.4,0
146,2014-11-25,10.7,7,700,15.5,1334,,1.1,84.6,1.4
146,2014-11-26,11.6,8.9,2353,17,1417,,.9,73.5,4.2
146,2014-11-27,10,5.4,652,16.4,1355,,.9,85,7.9
146,2014-11-28,12.7,7.5,2,15.3,1803,1.5,2.6,80.3,0
146,2014-11-29,11.1,7,2315,16,1420,,1.3,72.8,6.4
146,2014-11-30,10.6,6.8,28,12,1330,9,1.1,94.4,0
146,2014-12-01,3.1,-2.7,2359,10.4,5,7.7,3.2,74.1,1.9
146,2014-12-02,-2.1,-3.9,558,1.6,1427,,1.7,59,6.3
146,2014-12-03,1.5,-3.6,1,5.4,1423,5,1.8,87.5,0
146,2014-12-04,-.3,-2.4,2353,3.5,1144,7.7,.9,91.8,3.9
146,2014-12-05,-2.4,-5.2,747,1.3,1416,0,1.4,72.1,7.6
146,2014-12-06,-1.4,-3.7,45,2.5,1405,,1.2,71.5,7.6
146,2014-12-07,.1,-3.9,253,6,1553,,.9,70.5,4.8
146,2014-12-08,.6,-2.9,2400,4.3,1258,9.2,1,87,6
146,2014-12-09,-1.5,-6.3,742,4.7,1539,,.8,70.8,7.7
146,2014-12-10,2.1,-1.7,509,4.4,1637,.1,.7,82.1,0
146,2014-12-11,2.3,-1.8,2352,5,1347,.5,1.6,73.5,1.8
146,2014-12-12,.2,-2.1,116,4.6,1335,4.5,1.3,79.1,5.1
146,2014-12-13,-2.5,-5.3,744,.8,1445,1.5,.9,82.1,6.3
146,2014-12-14,-.6,-6.4,756,5.4,1408,0,.9,67.5,7.7
146,2014-12-15,4.4,-.5,100,7.5,1258,.5,2.1,58,1.4
146,2014-12-16,-.7,-5.1,2356,4.1,1,11,2.7,83.4,1.7
146,2014-12-17,-5.9,-7.3,822,-4.3,1433,,1.6,71.6,4.5
146,2014-12-18,-4.3,-8.7,738,1,1541,,1,55.3,7.7
146,2014-12-19,1.1,-7.6,222,6.1,1444,,1.2,61.4,1.5
146,2014-12-20,2.4,-2.3,2352,5.4,402,1,2.6,64.6,5.1
146,2014-12-21,-2.3,-4.7,513,2.8,1319,.5,1.3,62.3,5.2
146,2014-12-22,-1.3,-6.9,447,3.1,1509,.5,1.1,83.6,3
146,2014-12-23,1.6,-3.9,547,8,1400,,.7,73.8,3.5
146,2014-12-24,4.3,.2,2349,9,1008,.5,1.6,71.8,3.1
146,2014-12-25,.2,-3.1,756,5.1,1525,,1.5,58.3,7.5
146,2014-12-26,-1.6,-5.8,734,3.9,1345,,.9,54.8,7.7
146,2014-12-27,-.3,-5.3,312,7.7,1348,,.8,57.5,7.7
146,2014-12-28,-.5,-5.6,747,5.3,1341,,.7,70.8,1.7
146,2014-12-29,4.1,.3,554,9.2,1348,.1,.8,76.6,5.2
146,2014-12-30,4.1,-.4,802,10.7,1233,,1,67.3,7.7
146,2014-12-31,1.6,-2.9,2343,7,454,1,2.4,62.8,2.8
146,2015-01-01,-4,-6.1,808,-.8,1427,0,2.3,50.4,7.7
146,2015-01-02,-4.2,-7.2,2337,-.1,1527,0,1.1,71.5,3.1
146,2015-01-03,-2,-9,633,5.2,1507,,1,60.5,7.3
146,2015-01-04,3.3,-.7,434,10.7,1416,,.8,73.4,4.2
146,2015-01-05,6.3,-1.6,328,13.2,1323,15,1.4,70.6,5.3
146,2015-01-06,1.6,-3.3,2353,9.3,32,8.5,2.7,61.6,5.9
146,2015-01-07,-2.7,-6.9,703,2.7,1448,,1.6,43.5,7.5
146,2015-01-08,-2.6,-8.2,742,3,1515,,1.1,69.4,7.7
146,2015-01-09,0,-4.6,434,4.7,1518,,.7,81.6,3.9
146,2015-01-10,.9,-3.9,746,7.2,1444,,1,70.5,7.8
146,2015-01-11,1.6,-1.5,53,5.7,1341,.1,2.1,63.4,7.2
146,2015-01-12,-1.8,-6.1,752,3.7,1425,,1,51.6,7.9
146,2015-01-13,1.6,-5.4,533,9.4,1332,,.7,56.3,5.7
146,2015-01-14,3.7,1.6,2354,7.2,1317,,.6,65.3,0
146,2015-01-15,2.1,-1.9,530,8.8,1456,,.9,70.9,4.6
146,2015-01-16,1.9,-.1,6,3.7,1453,.4,1.4,85.3,0
146,2015-01-17,-.6,-4.3,2344,3.5,1547,,2,55,7.9
146,2015-01-18,.2,-7.1,744,5.6,1339,.4,1.7,62.1,7.1
146,2015-01-19,2.9,.1,2226,7.3,1328,,2,59.9,5.6
146,2015-01-20,1.2,-4.4,744,8.2,1518,,.8,61.1,7.9
146,2015-01-21,4.3,.6,32,7,1034,7,.6,78.3,0
146,2015-01-22,3.7,2.2,748,6.1,1413,,1.6,87.9,.1
146,2015-01-23,2.6,-1.1,2350,7.5,1416,,1,76.4,3.7
146,2015-01-24,2.7,-2,218,8.8,1430,,.9,71.9,4.7
146,2015-01-25,6.9,-.5,312,10.8,1546,3.3,1.7,69.6,.9
146,2015-01-26,6.5,3.1,2352,9.6,110,3.8,1.2,98.5,0
146,2015-01-27,.4,-3.9,2358,3.8,1400,,2.1,66.3,6.3
146,2015-01-28,-2.4,-5.4,736,2.1,1625,,1.2,51.8,8.6
146,2015-01-29,.1,-3.9,41,3.5,1132,2.5,.7,80.5,0
146,2015-01-30,-.2,-2.4,745,3.3,1357,.5,1.7,66.4,6.1
146,2015-01-31,-2.7,-6.9,741,2.5,1527,,1.5,55.6,8.8
146,2015-02-01,-2.4,-8.2,740,4.8,1502,,1,64.6,8.9
146,2015-02-02,.2,-4.2,157,7.2,1514,,1,65.1,8.1
146,2015-02-03,.3,-4.6,701,6,1443,,1,65.9,6.4
146,2015-02-04,.1,-4.2,655,4.9,1151,,.9,81.1,3.4
146,2015-02-05,.9,-2.5,730,5.2,1407,,1.4,68.8,6.5
146,2015-02-06,1.9,-2.1,732,7,1513,,1.1,60.6,9
146,2015-02-07,2.4,-1.6,141,6.7,1510,,1,68.9,2.3
146,2015-02-08,-4.7,-7.6,2341,2.7,1,,3.3,41.6,8.8
146,2015-02-09,-3.7,-10.1,713,1.4,1520,0,1.5,51.1,7.8
146,2015-02-10,4,.1,651,9.1,1451,,2,54.4,8.4
146,2015-02-11,5.8,1.4,750,10.7,1441,,1.7,64.5,6.6
146,2015-02-12,.8,-2.1,723,4.6,26,,2.4,44.6,9.2
146,2015-02-13,-1,-6.5,710,5,1449,,1.4,46.6,9.3
146,2015-02-14,3.2,-3.4,501,10.7,1524,,1.1,59.6,6.8
146,2015-02-15,8.3,.7,12,12.8,1159,7,1.8,64.3,0
146,2015-02-16,6.6,4.7,2350,8.1,215,4.5,1.2,94.9,0
146,2015-02-17,3.6,2.4,2319,5.8,1159,.5,2.3,73.8,.8
146,2015-02-18,2.3,1.7,552,3.8,1448,,1.7,68.9,0
146,2015-02-19,3.2,-1.1,653,9.3,1553,,1,64.8,9.3
146,2015-02-20,6.3,-1.8,652,13.3,1441,,1.1,58.9,6.7
146,2015-02-21,9.2,5.3,534,12.6,2116,2.5,2.2,72.4,0
146,2015-02-22,5.4,2.1,2245,12.1,150,1,2.3,78.3,2.1
146,2015-02-23,3.1,-.1,2400,8.6,1459,,1.6,58,7
146,2015-02-24,3.6,-.3,7,9.7,1538,,1.3,53.1,9.2
146,2015-02-25,5.4,-.1,631,11.7,1444,,.9,50.1,.5
146,2015-02-26,3.6,-1,2340,8.2,1318,.1,2.4,50.5,6.6
146,2015-02-27,.1,-2.5,728,3.9,1629,,1.9,44.4,9.4
146,2015-02-28,2,-3.9,528,8.3,1558,.2,.9,58.3,.2
146,2015-03-01,2.9,-.1,2354,6.5,1535,2,1.9,73.9,4
146,2015-03-02,3.8,-3.1,637,11.1,1509,,1.2,52.4,9.8
146,2015-03-03,4.8,1.7,2357,9.6,1534,.5,1.9,60.9,1.4
146,2015-03-04,.4,-2.2,702,4.5,1420,,3.2,39.4,9.9
146,2015-03-05,.8,-5.7,703,7.5,1357,,1.1,48.8,8.2
146,2015-03-06,4.2,-2.7,510,12.7,1435,,1.2,49,9.8
146,2015-03-07,4.4,-1.3,654,12.4,1626,,1.2,49.4,10
146,2015-03-08,7.7,-2,532,17.6,1439,,1.2,40.3,9.4
146,2015-03-09,4.7,-3,2343,11.8,1259,,2.8,38.1,8.6
146,2015-03-10,-1.2,-4.6,553,3,1457,,3.5,38.5,10
146,2015-03-11,3,-2.8,651,8.7,1443,,2.4,53.9,8.9
146,2015-03-12,4.2,-2.2,714,11.3,1445,,1.4,34.9,10.1
146,2015-03-13,6,2.6,1,8.2,1628,.5,1.3,78.6,0
146,2015-03-14,4.6,-1.5,643,12.3,1411,,1.2,55,7.6
146,2015-03-15,6.3,-1.4,639,15.7,1535,,1,41.8,9.8
146,2015-03-16,11,1.3,503,21.6,1439,,1,34.5,9.4
146,2015-03-17,13.8,4.8,635,22.4,1349,,1,34.1,5.9
146,2015-03-18,11.2,9.4,525,13.4,1,26,1.1,88.1,0
146,2015-03-19,13.2,9.1,455,20.9,1432,.5,1.2,71,8.9
146,2015-03-20,12.7,8.5,634,21.3,1529,,1.1,54.5,6.4
146,2015-03-21,12.4,5.7,640,19.7,1520,,1.2,45.1,10
146,2015-03-22,9,3.3,2356,16.7,1443,,2.2,55.6,9.5
146,2015-03-23,4.7,-.9,622,11.2,1408,,2.2,44.1,10.9
146,2015-03-24,4.4,-1.6,606,12.2,1406,,1.5,48.6,10.9
146,2015-03-25,5.9,-2.6,638,15.1,1455,,1.3,44,11
146,2015-03-26,7.4,-1.5,612,17.9,1544,,1.3,39.4,11
146,2015-03-27,8.7,-.2,634,18.1,1652,,1.1,38.5,8.2
146,2015-03-28,10.4,.8,631,19.2,1257,,1.3,31,6.5
146,2015-03-29,12.2,6.4,312,19.7,1516,,1.1,47.6,6.2
146,2015-03-30,14.8,6.3,617,23.4,1445,,1.4,54,10.4
146,2015-03-31,14.9,9.8,200,16.7,1614,1,1.8,82.3,0
146,2015-04-01,14.9,12.6,2328,18.3,1607,1,1.2,92.8,0
146,2015-04-02,17.2,11.4,615,21.6,1516,.5,4.2,68.6,7.4
146,2015-04-03,11.2,8.6,813,20.6,1,12.5,1.7,92,.1
146,2015-04-04,13.5,9.5,636,19.9,1114,18.5,1.2,79.8,3.7
146,2015-04-05,12.7,11.4,2349,14.9,1158,4,.9,96.9,0
146,2015-04-06,11,7,2305,13.8,1229,2,1.6,85.1,0
146,2015-04-07,8.9,6.2,547,14.6,1526,,1.4,68.6,3.2
146,2015-04-08,9.5,6.6,440,15.3,1636,,1.3,62.9,6.1
146,2015-04-09,10.5,7,617,16.4,1529,,1.3,61.9,8.5
146,2015-04-10,11.1,3.5,557,19.8,1437,,1.4,56.8,10.9
146,2015-04-11,13.1,4.5,601,22.4,1508,,1.4,48.1,11.2
146,2015-04-12,14.1,6.8,430,20.9,1324,,1.5,35.5,.4
146,2015-04-13,12.7,10.4,2338,15.4,1057,.3,2.1,59.3,0
146,2015-04-14,9.9,7.1,638,15,1419,6.5,1.9,69.3,5
146,2015-04-15,13.4,7.4,407,20.3,1508,1.5,2.1,59.3,8.7
146,2015-04-16,12.6,6,2400,21.2,1136,3,2.5,61.6,4
146,2015-04-17,10.9,2.7,530,20.1,1449,,1.4,50.8,10.8
146,2015-04-18,14.5,4.5,557,25.5,1437,5.5,1.4,47.8,3.9
146,2015-04-19,18.3,14.3,9,20.6,1538,.5,2.3,84.1,.1
146,2015-04-20,13.4,9.9,2350,17.2,1,11,1.3,95.8,.6
146,2015-04-21,13.6,8,357,21.5,1513,,1.3,59.5,11.3
146,2015-04-22,13.3,6.8,623,20.2,1355,,1.6,49,9.9
146,2015-04-23,13.9,5.7,549,22.6,1320,,1.3,48.6,10.3
146,2015-04-24,15.1,8.8,321,23.1,1409,,1.3,49.5,10.6
146,2015-04-25,15.7,6.4,534,25.1,1522,,1.3,39.9,11.8
146,2015-04-26,17.7,8,548,27.2,1312,,1.3,29.8,11.7
146,2015-04-27,18.6,10.6,520,27.2,1510,,1.3,32.5,11.8
146,2015-04-28,18.7,12.8,36,26.6,1240,5.5,1.8,65,2.8
146,2015-04-29,17.9,14.7,240,22.4,1213,20.5,1.3,84.9,2.1
146,2015-04-30,19.4,14.6,601,26.2,1423,.5,1.1,72.9,5.8
146,2015-05-01,20,14.2,546,26.4,1424,,1.3,73.9,11.1
146,2015-05-02,21.6,15.3,515,28.5,1435,.2,1.6,64.9,8.7
146,2015-05-03,18.4,15.3,2351,22.1,1224,14.5,1.1,96,0
146,2015-05-04,14.3,8.3,2357,22.1,1420,,2.2,66.4,8.5
146,2015-05-05,12.9,4.9,559,21.6,1602,,1.4,47.6,12.4
146,2015-05-06,14.5,5.7,532,23,1553,,1.2,40.6,6.5
146,2015-05-07,16.3,7.6,527,25.6,1448,,1.5,40.8,11.9
146,2015-05-08,17,7.7,530,23.3,1230,,1.1,43.6,5.2
146,2015-05-09,18.1,13.6,606,25.3,1449,.2,1.6,57.6,9.1
146,2015-05-10,19.3,12.5,709,27.6,1459,,1.5,55.3,10.5
146,2015-05-11,18.6,13.4,308,24.1,1201,5,3.2,69.4,3.5
146,2015-05-12,16.1,11.6,526,21.4,1535,16.5,3.2,66.9,11.2
146,2015-05-13,21.1,13.9,310,27.2,1315,,3.2,43,12.4
146,2015-05-14,24.1,17.7,107,30.6,1440,,2.4,44.4,9.2
146,2015-05-15,20.4,16.5,2339,23.7,1,0,1.2,84.1,.1
146,2015-05-16,19.7,12.9,2358,26.9,1518,,1.8,53.4,11.2
146,2015-05-17,18.7,9.1,526,27.5,1450,,1.2,47.4,9.3
146,2015-05-18,18.2,14.8,2351,23.3,1611,,1.6,48.9,1.4
146,2015-05-19,18.7,13.3,359,27,1452,,1.5,76,7.9
146,2015-05-20,16.8,11.7,2344,23.4,1307,.2,2,59.4,12.4
146,2015-05-21,18.3,9.7,521,27.4,1541,,1.5,54.5,12.4
146,2015-05-22,20.8,12.8,538,28.9,1237,,1.3,39,8.9
146,2015-05-23,20.3,14.9,520,26.9,1420,,1.3,44.4,5.6
146,2015-05-24,20.2,11.5,523,29.4,1439,,1.5,41,12.8
146,2015-05-25,18.9,11.1,553,27.7,1311,,1.5,48.6,12.6
146,2015-05-26,20.6,11.1,512,32.4,1517,,1.4,46,12.6
146,2015-05-27,23.5,13,519,33,1446,,1.3,35.3,11.6
146,2015-05-28,24.2,16.6,512,33.2,1443,,1.4,38.4,11
146,2015-05-29,24,15.6,508,31.4,1458,,1.5,38.8,11.7
146,2015-05-30,19,16.1,634,24.4,1703,4,1.3,80,2.6
146,2015-05-31,22.1,16.5,527,30.1,1432,,1.4,62.3,12.2
146,2015-06-01,22.9,15.7,545,31.1,1603,,1.4,54.3,11.4
146,2015-06-02,22,17.6,519,26.2,1632,,1.1,56.4,1.3
146,2015-06-03,21.7,16.3,2359,28.3,1441,,2.1,49.1,10.7
146,2015-06-04,21.7,12.8,505,30.6,1403,,1.3,44.8,8.7
146,2015-06-05,19.3,14.5,2400,23.8,1452,.4,1.8,49.6,4.9
146,2015-06-06,22,12.7,523,30.2,1624,,1.4,53.3,12.4
146,2015-06-07,23.5,17.7,544,31.6,1431,,1.6,46.5,11.3
146,2015-06-08,21,16.8,410,25.3,1153,.5,1.1,73.3,.7
146,2015-06-09,22.5,17.9,436,29.4,1545,,1.3,68.9,6.8
146,2015-06-10,24.6,16.3,523,33.6,1528,,1.3,63.3,11
146,2015-06-11,23.2,17.8,306,27.8,1422,.2,1.4,72.5,.8
146,2015-06-12,26.1,20.5,553,32.8,1356,0,2,49.1,11.7
146,2015-06-13,26.7,21.8,2339,32.5,1522,,2.6,42.4,8.4
146,2015-06-14,21.1,19.6,545,23.9,1214,21.5,2,82.4,1.5
146,2015-06-15,23.8,20.4,1,29.1,1443,,1.1,81.9,3.3
146,2015-06-16,22.6,19.7,714,28.3,1440,,1.4,83.3,5
146,2015-06-17,22.1,18.9,524,27.9,1417,25,1,88,.5
146,2015-06-18,24.3,19.1,558,31.1,1351,,1.3,68.5,10.5
146,2015-06-19,24.2,19,544,30.6,1505,,1.6,70.1,10
146,2015-06-20,21.3,19.1,2348,23.8,1539,3.5,1.2,86.1,.6
146,2015-06-21,22.6,18,242,28.3,1529,2,1.1,73.1,4.7
146,2015-06-22,23.3,18.3,427,29.4,1614,,1.4,69.8,7.5
146,2015-06-23,24.1,18.6,511,30.4,1329,,1.4,66.6,9.8
146,2015-06-24,23.3,20.4,400,27.6,1238,0,1.4,77.6,.4
146,2015-06-25,21.9,19.3,445,25.3,1237,22.1,1.3,87.1,1.9
146,2015-06-26,20.6,19.8,1040,21.7,1639,36.1,1.9,93.5,0
146,2015-06-27,22.3,19.3,529,27.9,1314,6.3,1.3,86.5,5.8
146,2015-06-28,23.2,20.2,409,28.1,1431,,1.8,80.6,8.1
146,2015-06-29,23.7,19.8,453,29.5,1405,,1.6,82.1,7.2
146,2015-06-30,20.8,18.8,2211,24.8,1221,7.1,1.1,90.8,0
146,2015-07-01,21.8,18.9,35,25.8,1423,.4,2.5,84.6,7
146,2015-07-02,22.4,17,526,28.3,1353,0,1.6,76.1,11.1
146,2015-07-03,22.6,19.6,2340,26.8,1449,,1.9,73.9,7.2
146,2015-07-04,22,17.2,548,27.5,1512,,1.5,68.1,11.9
146,2015-07-05,22.7,19,324,27.7,1412,0,1.7,70.9,9.8
146,2015-07-06,22.9,18.5,549,27.3,1242,,1.5,74.9,5.1
146,2015-07-07,20.2,18.4,2003,23.9,1105,5.2,1.1,88.5,0
146,2015-07-08,22.4,18.3,202,26.9,1607,23.9,1.1,90.9,.1
146,2015-07-09,23.4,20.8,443,27,1749,9.3,1.4,94.3,.4
146,2015-07-10,27.5,21.6,549,32,1552,,1.5,78.9,11.3
146,2015-07-11,26.9,23.9,2307,32.2,1320,3.9,1.4,84.1,3.4
146,2015-07-12,25.1,23.4,620,26.5,1228,8.6,2.9,91.4,0
146,2015-07-13,23.9,22,1119,26.6,1517,8.3,4.1,87.8,.9
146,2015-07-14,25.5,21.3,532,30.8,1427,,1.5,82.5,8.1
146,2015-07-15,25.9,22.6,350,31.4,1331,0,1.4,84.5,5.1
146,2015-07-16,25.5,22.3,406,29.6,1404,,2.1,66,12.2
146,2015-07-17,23.8,18.6,448,28.5,1419,0,1.8,70.6,4
146,2015-07-18,23.5,20.5,304,28.1,1347,1.5,1.7,84,1.5
146,2015-07-19,26.8,22,328,30.8,1503,0,1.4,81,6.5
146,2015-07-20,26.4,24.2,531,30.6,1040,.8,1.1,89.8,4
146,2015-07-21,25.7,23.5,710,29.5,1300,29.5,1,95,1.5
146,2015-07-22,26.3,24,352,30.6,1418,11.6,1.2,92,1.9
146,2015-07-23,26,24.7,839,27.8,1527,10.5,1.5,92.1,.2
146,2015-07-24,26.3,24.4,524,27.8,1256,3.5,2,90.5,0
146,2015-07-25,27.6,26,620,30.5,1300,,2.3,78.3,2.2
146,2015-07-26,27.4,23.9,537,32.4,1535,,1.9,78.5,12.1
146,2015-07-27,25.9,24.4,422,28.3,1217,1.5,1.1,89.6,1.1
146,2015-07-28,26.6,24.2,452,30.2,1444,1.1,1.7,88.3,2.6
146,2015-07-29,28.1,23.9,256,32.4,1453,2.3,1.9,86.9,4.7
146,2015-07-30,29.3,25.9,351,34.2,1619,,1.5,82.3,9.5
146,2015-07-31,28.6,25.1,714,33,1314,,1.8,83.9,12.1
146,2015-08-01,28.5,24.9,532,33.2,1447,,1.8,81.3,11.6
146,2015-08-02,29,25.7,439,33,1451,,1.9,78.9,5.4
146,2015-08-03,29.3,25.3,546,34,1531,,2.2,66.1,13
146,2015-08-04,29.1,24.1,530,34.4,1441,,2.5,68.8,12.9
146,2015-08-05,28.4,24.5,449,33.8,1541,,2,74.8,10.9
146,2015-08-06,29.2,24.7,536,34.3,1516,,1.5,74.5,9.4
146,2015-08-07,30,24.5,518,35.3,1301,0,1.5,71,11.5
146,2015-08-08,27.8,25.1,1418,34.1,1301,.4,1.8,80.8,7.4
146,2015-08-09,26.9,23.5,434,32.5,1426,,1.5,79.4,7.8
146,2015-08-10,26,22.9,458,30,1331,,1.2,81.1,1.1
146,2015-08-11,24.7,19.9,2146,29.2,1148,4.8,1.4,82.8,.1
146,2015-08-12,24.1,20.4,6,28.4,1525,2.6,1.7,84.3,4.3
146,2015-08-13,25.5,21.3,549,30.4,1417,0,1.8,80,8.3
146,2015-08-14,26,21.9,609,31.2,1440,,1.8,81.8,9.6
146,2015-08-15,27,22.1,518,32.6,1330,,1.5,75.4,9.3
146,2015-08-16,25.7,20.8,1917,29.5,1548,7.3,1.3,84.1,1.2
146,2015-08-17,27,21.4,541,32,1459,,1.5,71.4,11.2
146,2015-08-18,25.6,23.1,2335,29,1609,,1.1,76.3,.6
146,2015-08-19,25.7,21.7,552,30.2,1329,0,1.3,75.4,1.6
146,2015-08-20,23.2,21,2326,26.3,1351,9.7,1.2,90.1,0
146,2015-08-21,23.9,20.6,414,28.9,1622,12.1,1.7,88.4,3.7
146,2015-08-22,24.8,22,631,27.7,1206,0,1.2,88.1,.3
146,2015-08-23,25.6,22.4,518,30,1459,,1,77.9,5.1
146,2015-08-24,25.5,22.6,625,28.2,1234,0,1.4,74,.1
146,2015-08-25,21.5,20,2356,24.7,5,12.1,3.4,95.3,0
146,2015-08-26,22.9,19.3,615,27.9,1419,,2,76.4,10.6
146,2015-08-27,23.6,19.9,102,28.1,1326,0,2.2,83.3,6.4
146,2015-08-28,23.8,20.4,600,28.8,1415,,1.8,80.4,9.1
146,2015-08-29,23.8,19.4,518,28.9,1501,,1.5,77.9,10.2
146,2015-08-30,24.4,19.8,602,30.2,1359,,1.3,77.3,7.9
146,2015-08-31,25.1,19.9,636,30.2,1613,,1.1,74.6,7.6
146,2015-09-01,24.3,21.3,619,29.4,1426,1,1.6,78.8,4
146,2015-09-02,22.9,19.9,1334,28,1136,23.5,1.5,87.6,5.2
146,2015-09-03,23.1,19.4,629,27.6,1559,,1.7,83,8
146,2015-09-04,24,19.6,325,29.1,1518,,1.6,80.1,9.3
146,2015-09-05,23.5,21.4,2253,26.5,1322,0,1.4,79.8,.5
146,2015-09-06,22.4,19.6,126,25.8,1307,0,1.9,73.1,1.6
146,2015-09-07,22,16.4,527,27.8,1403,,1.6,66.4,11.6
146,2015-09-08,21.3,15.8,615,27.2,1540,,1.9,62.9,12.2
146,2015-09-09,21.1,14,557,27.9,1455,,2,60.3,12
146,2015-09-10,21.1,15.2,613,27.5,1502,,1.6,69,11.9
146,2015-09-11,21.5,16.8,528,27.4,1410,.2,1.7,81.9,6
146,2015-09-12,18.7,16.3,2227,21.8,40,12,1.2,89.5,.9
146,2015-09-13,18.8,13.7,619,24.6,1628,,1.6,74.1,10.3
146,2015-09-14,20.4,13.7,352,26.8,1457,,1.5,65.1,10.4
146,2015-09-15,20.7,13.7,617,26.7,1428,,1.8,56.6,10.2
146,2015-09-16,19.6,14.1,619,24.2,1303,,1.5,69.8,4.7
146,2015-09-17,21.3,14.9,541,27.7,1435,,1.5,70.3,11.1
146,2015-09-18,21.1,15.8,554,27.7,1506,,1.6,73.1,10.9
146,2015-09-19,21.1,17.1,633,27.1,1524,,1.6,75.4,10.4
146,2015-09-20,20.8,16.2,631,25.6,1435,,1.6,77.6,7.4
146,2015-09-21,21.9,16.3,602,28.8,1413,,1.4,73.8,10.6
146,2015-09-22,22.9,17.5,603,30.3,1333,,1.4,71,11.2
146,2015-09-23,20,18.1,513,23,1115,0,1.2,73.6,0
146,2015-09-24,21.3,16,600,28.3,1414,,1.4,78.4,6.2
146,2015-09-25,21.8,17.4,516,26.9,1617,,1.2,74,2.6
146,2015-09-26,20.5,16.6,618,24.7,1630,,1.3,84,2
146,2015-09-27,21.3,15.2,639,28.9,1457,,1.4,68.1,10.7
146,2015-09-28,22.9,14.4,646,31.7,1315,,1.5,55.4,9.6
146,2015-09-29,23.2,16.8,642,29.8,1435,,1.5,55.9,11
146,2015-09-30,21.4,19.8,2258,24.3,1415,0,2.2,59.8,1.7
146,2015-10-01,18.4,13.6,2347,23.5,1323,43.5,3.5,91,0
146,2015-10-02,15.7,9.4,640,21.3,1418,,2,62,11
146,2015-10-03,18.3,13.3,650,24.3,1410,,2.2,76,8.9
146,2015-10-04,17.6,11.6,604,25.6,1516,,1.2,67,6.5
146,2015-10-05,18.6,13.1,623,25.7,1430,,1.5,60.4,10.5
146,2015-10-06,18.3,11.7,641,26,1431,,1.7,64.8,10.7
146,2015-10-07,18.5,12.5,647,26.1,1406,,1.2,70.8,6.3
146,2015-10-08,18.4,14.7,612,24,1426,,1.4,76.6,5
146,2015-10-09,16.5,12.8,2338,20.7,1338,.5,2.3,65,9.8
146,2015-10-10,15.4,10.8,342,22.1,1447,6.1,2.5,72.8,7.4
146,2015-10-11,12.2,9,656,17.5,1230,6.9,2.2,88.6,2.5
146,2015-10-12,14.4,11,635,18.6,1441,1,2.5,73.5,8.6
146,2015-10-13,15,10.1,655,20.8,1344,0,1.8,74.4,10.4
146,2015-10-14,17,12,14,23.3,1423,,1.5,76.6,9.5
146,2015-10-15,17.4,12.1,654,23.4,1357,,1.4,76.3,9.2
146,2015-10-16,17,13,630,22.3,1438,,1.4,84.6,7.5
146,2015-10-17,17.8,13.1,743,24.7,1529,,1.1,84.5,7.8
146,2015-10-18,18,13.2,559,25.2,1436,,1.3,79.4,9
146,2015-10-19,17.9,12,652,24.9,1419,,1.4,70.6,8.3
146,2015-10-20,17.6,12.1,655,24.2,1345,,1.2,79,8.2
146,2015-10-21,18.3,13.3,702,24.6,1441,,1.2,80.9,7.6
146,2015-10-22,18,12.6,724,24.5,1325,,1.4,81.5,8.3
146,2015-10-23,17.8,14.5,2343,22.1,1439,,1.2,80.9,5.7
146,2015-10-24,16.2,13.7,2343,19.3,1058,2.6,1.2,90.1,.1
146,2015-10-25,16.2,11.1,622,22.3,1320,,1.2,73,8.7
146,2015-10-26,17.4,13.2,703,22,1423,,2.3,56.3,7.5
146,2015-10-27,13.8,9.9,2223,17,327,36,2.8,78,2.2
146,2015-10-28,12.1,7.4,659,16.9,1510,,1.5,68.1,7.2
146,2015-10-29,11.5,7.9,700,16.1,1412,1.5,1.5,67.1,8
146,2015-10-30,8.9,5.9,2354,12.7,1439,0,2.3,57.1,9.6
146,2015-10-31,7.4,2.1,614,13,1458,,1.8,61.1,9.7
146,2015-11-01,7.2,3,459,10.3,1239,,1,71.5,0
146,2015-11-02,10.1,5.2,637,15.6,1343,0,1.7,74.8,6.8
146,2015-11-03,11.9,6.3,623,18.6,1453,,1.6,72.9,9.5
146,2015-11-04,12.4,6.7,636,20,1350,,1.5,66.6,9.1
146,2015-11-05,13.7,9.1,305,19.5,1340,,1.1,67.1,4.3
146,2015-11-06,15.3,9.5,551,21.4,1304,1.4,1.3,74.1,1.1
146,2015-11-07,15.1,13.8,325,17.1,2338,26.2,1.4,94.1,0
146,2015-11-08,16.4,15.2,832,17.8,330,5.9,1.1,97.4,0
146,2015-11-09,13.5,11.9,2327,16,1,.6,1.9,87.8,0
146,2015-11-10,11.2,8.1,2354,14.2,1123,,1.3,79.1,1.9
146,2015-11-11,11.7,6.4,630,17.1,1503,,1.1,81,5.5
146,2015-11-12,14.5,8.3,619,20.2,1301,,1.6,69.5,5.4
146,2015-11-13,12.7,11.4,1235,15.6,35,16.7,1.5,89.3,0
146,2015-11-14,13.6,12.4,1,14.6,1252,3.3,1,97,0
146,2015-11-15,13.7,11.1,2357,18.4,1438,,1.1,87.5,4.9
146,2015-11-16,13.8,10.2,442,16.6,1142,7.4,1.5,90.3,0
146,2015-11-17,15,13.1,2308,17.2,1326,.1,1.2,95.9,0
146,2015-11-18,13.1,10.6,2204,15.5,1420,4.3,1.3,91.9,.1
146,2015-11-19,12.1,10.6,805,14.3,1215,.9,1.3,91.3,0
146,2015-11-20,12.1,10.2,450,16,1423,,,83.9,5.4
146,2015-11-21,10,7.2,638,13.6,1416,,.9,88.1,1.3
146,2015-11-22,11.6,5.7,735,17.3,1458,,1.1,83.5,8.2
146,2015-11-23,11.9,10.6,2229,13.6,303,4,1.7,92.9,0
146,2015-11-24,7.8,5.9,742,10.7,4,0,2,82,.2
146,2015-11-25,6,3.2,2353,7.5,3,10.7,1.8,93.5,0
146,2015-11-26,.1,-.8,2253,4.1,47,21,1.6,96.6,.7
146,2015-11-27,.8,-2.1,730,2.4,1510,.3,.5,93.3,.3
146,2015-11-28,4.3,1.6,534,8.3,1428,,1.1,83.3,2.4
146,2015-11-29,7.3,4.5,30,12.2,1413,0,1.7,73.4,2.3
146,2015-11-30,8,4.5,2332,12.2,1406,0,1.5,77.3,4.4
146,2015-12-01,6.4,.6,731,12.4,1426,,1.1,77,8.7
146,2015-12-02,9.6,5.7,2258,13.1,1009,7.6,2.6,78.8,0
146,2015-12-03,3.7,.2,2355,6.9,1128,3.4,5,68.5,2.7
146,2015-12-04,3.2,.2,1,5.6,2333,2.7,.6,87.5,.8
146,2015-12-05,6.4,4.5,2358,8.8,1347,,2.4,66.5,1.7
146,2015-12-06,3.6,.5,2308,6.9,1505,,1.1,67.8,2.4
146,2015-12-07,2.7,-1.8,635,7.9,1507,,1.2,68.3,9.1
146,2015-12-08,3.9,-.8,729,9.7,1431,,1.4,65.3,9.2
146,2015-12-09,7.6,.7,343,13.9,1547,,1.4,65.9,5.1
146,2015-12-10,10.1,9.2,1954,11.6,111,17.2,1.7,91.3,0
146,2015-12-11,7.4,4.8,2357,9.3,1,.1,1.4,87.8,.2
146,2015-12-12,7.6,3.5,744,11.2,1309,,1.1,70.6,3.7
146,2015-12-13,9.5,6.5,642,14.1,1501,,1.2,67.8,4.7
146,2015-12-14,8.3,7.3,722,9.5,1256,4.3,1,90.9,0
146,2015-12-15,7.3,5.4,2359,9.3,1149,1.1,2.3,79.9,1
146,2015-12-16,1.4,-1.3,2255,5.5,1,8.7,2.3,86.6,.5
146,2015-12-17,-1.4,-3.5,2356,2.2,1427,0,2.3,65.3,8.9
146,2015-12-18,.7,-4.8,402,4.5,1359,,1.3,73.4,2.9
146,2015-12-19,3.9,.7,433,9,1422,,1.2,76.4,8.1
146,2015-12-20,3.3,.1,230,5.4,1620,.9,.8,85.1,0
146,2015-12-21,6.4,2.5,2350,11,1351,1.6,1.6,85,4.1
146,2015-12-22,4.6,-1.3,712,10.2,1415,0,.9,80.6,5.7
146,2015-12-23,6.3,5,2357,7.3,1300,5.7,.7,97.4,0
146,2015-12-24,4.1,1.6,749,7.5,1505,,1.4,81,4.1
146,2015-12-25,1.9,-1.2,733,5.1,1425,,1.7,56.6,9.2
146,2015-12-26,5.8,.6,1,11.5,1453,0,2.4,66.9,6.4
146,2015-12-27,-.8,-4.1,2350,3,1,,2.3,56.6,9.1
146,2015-12-28,-1,-4.8,337,2.5,1521,,1.5,56.8,5.5
146,2015-12-29,-.2,-4.4,657,4.9,1512,,1.4,65.8,7.4
146,2015-12-30,2.6,-3.1,737,8,1501,4.9,1.4,71.1,6.2
146,2015-12-31,2.5,-.4,2400,5.7,1429,.4,1.2,84.9,4.4
146,2016-01-01,2.8,-2,659,7.7,1424,,1.5,74.4,4.3
146,2016-01-02,7.6,2.7,701,12.9,1459,,1.9,73.3,5.6
146,2016-01-03,8.4,5.4,2319,14,1417,,1.5,81.1,7.3
146,2016-01-04,5.9,1.6,2353,9.6,1401,,1.9,70.1,7.1
146,2016-01-05,.7,-1.9,2325,4.1,1527,,2,53,3.7
146,2016-01-06,1.5,-3.2,637,5.4,1309,,1.1,61.6,1.6
146,2016-01-07,1.1,-.2,733,4.5,1402,,2.3,62.4,4
146,2016-01-08,.9,-2,733,4.1,1255,0,1.5,67.8,4.9
146,2016-01-09,2.7,-.1,650,6,1459,0,1.9,63.5,4.6
146,2016-01-10,2.8,-1,802,7.3,1332,,1.6,64.3,5.8
146,2016-01-11,-.1,-3.6,2341,3.6,1406,,2.1,54.5,8.8
146,2016-01-12,-1.8,-5.8,821,2.5,1501,0,1.6,62.5,8.5
146,2016-01-13,-.8,-2.5,132,1.1,2154,2.3,1.4,88,.2
146,2016-01-14,-.1,-2,744,4,1501,0,1.5,72.1,7.2
146,2016-01-15,1.8,-2,108,6.4,1503,0,1.7,71.4,2.4
146,2016-01-16,3.2,-.9,640,8.9,1335,,1.7,65.6,8.2
146,2016-01-17,3.2,1.4,9,5.8,1221,8.3,.8,81.5,0
146,2016-01-18,-1.9,-5.8,2038,2.5,8,1.4,3.6,85.5,2.4
146,2016-01-19,-7.3,-9.8,641,-4.7,1502,.8,2.6,76.8,3.9
146,2016-01-20,-6.7,-9.9,600,-4,1422,0,1.2,68.6,4.6
146,2016-01-21,-4.7,-7.3,20,-2,1354,,1.2,68.5,2.7
146,2016-01-22,-5,-9.1,523,-1,1428,,1.8,62.8,6.4
146,2016-01-23,-7.2,-10.3,2253,-4.4,249,4.4,3.2,63.9,5.2
146,2016-01-24,-10.8,-13,723,-8.5,1554,1.3,1.3,70.5,4.1
146,2016-01-25,-6.8,-12.8,744,-2.1,1408,0,1.2,70.1,9.4
146,2016-01-26,-.6,-4.9,23,3.2,1503,0,1.5,73.8,1.8
146,2016-01-27,.9,-2.4,757,4.9,1400,,1.4,69.8,8.6
146,2016-01-28,.7,-2.6,211,2.6,1320,2.2,.7,84.9,0
146,2016-01-29,2.6,1.3,252,4.5,1424,4.5,.4,95.3,0
146,2016-01-30,2,.3,820,5.3,1432,,1,90.5,2.6
146,2016-01-31,-1,-3.1,2356,1.1,1322,,2.1,69.3,4.8
146,2016-02-01,-3.2,-5.5,715,.6,1337,,2.6,59.6,9.2
146,2016-02-02,-3.1,-7.9,752,1.5,1513,,1.5,63.6,9.8
146,2016-02-03,-1.3,-7,552,4.6,1511,,1.8,65.3,9.6
146,2016-02-04,.1,-4.7,652,4.8,1432,,1.9,64.4,7.4
146,2016-02-05,-.4,-4.5,714,4.4,1407,,1.9,64.1,9.7
146,2016-02-06,-1.1,-3.2,2400,3.1,1335,0,2.2,60.9,7.3
146,2016-02-07,-2.1,-7.1,719,3.2,1531,,1.6,57,9.8
146,2016-02-08,3.2,-3.7,656,8.3,1457,,3.6,55.9,9.1
146,2016-02-09,2.9,-.3,2359,7.4,1329,,3,54.6,9.8
146,2016-02-10,4.8,-2.4,723,12.5,1505,,1.6,49.3,9.8
146,2016-02-11,11.5,5.4,158,17.4,1520,.4,3,45.5,3
146,2016-02-12,13.5,10.3,4,14.5,2049,11.6,2,89.8,0
146,2016-02-13,14.9,5.5,2400,21.9,1254,5,2.7,88.1,2
146,2016-02-14,.2,-2.5,2324,5.5,2,.7,5.2,76.8,1.3
146,2016-02-15,-2.9,-6,718,.7,1420,.2,3.4,60.3,8.8
146,2016-02-16,.7,-2.8,28,4.8,1507,1.7,3.1,74.9,3.4
146,2016-02-17,1.5,-2,741,6.3,1530,.4,1.7,68.8,9.3
146,2016-02-18,5.1,-1.3,239,10.9,1509,,2.4,57,8.5
146,2016-02-19,5.3,2,724,8.4,1434,,1.4,63.5,1.6
146,2016-02-20,3.4,-.1,2359,9.2,1339,,2.2,58.5,7.2
146,2016-02-21,1,-2.9,725,5.7,1513,,1.8,51.9,9
146,2016-02-22,2.7,-1,729,5.5,1617,,.8,51.8,.1
146,2016-02-23,3.3,-1.4,2343,8.8,1332,0,2.5,54.1,6.3
146,2016-02-24,-1.7,-4.5,605,2.5,1531,,2.6,53.6,8.6
146,2016-02-25,.9,-5.8,734,6.3,1412,,2,54.9,9.7
146,2016-02-26,3.1,.2,559,5.5,1427,2.9,1.4,88.6,.1
146,2016-02-27,6.8,3.5,823,11.4,1408,.3,2.1,67.4,6.2
146,2016-02-28,5,.2,2353,13.4,1334,8.3,2.2,80.1,.7
146,2016-02-29,-1.4,-4.2,2354,.8,224,.1,4,65,5.9
146,2016-03-01,-1.3,-6.1,608,3.8,1527,,1.8,59.3,9.1
146,2016-03-02,3.8,-2.6,304,11.4,1528,,2.1,60.4,10.5
146,2016-03-03,9.2,1.9,12,17.1,1536,,1.8,67.6,8.6
146,2016-03-04,12.2,8.4,37,14,1834,4,1.3,92,0
146,2016-03-05,14.6,10.5,2306,19.4,1324,54.3,3.2,87.3,.9
146,2016-03-06,9.1,5.7,657,14.5,1625,0,1.4,84.6,4.4
146,2016-03-07,10.1,5.4,603,17.3,1154,,1.4,75.1,3.9
146,2016-03-08,5.9,2.8,2350,9,1337,0,2.4,57.4,0
146,2016-03-09,2.6,-.3,623,7.9,1522,,3.8,48.1,7.4
146,2016-03-10,.9,-2.1,707,6.1,1436,,3.3,44.6,9.9
146,2016-03-11,.9,-2.9,650,5.4,1407,,2.1,51.9,10.6
146,2016-03-12,3,-3.8,550,9.6,1457,,1.6,45.4,9.6
146,2016-03-13,5.7,1.9,542,9.4,1437,,1,49,.1
146,2016-03-14,4.2,.6,528,9.6,1522,,1.8,68.8,3.8
146,2016-03-15,5.7,-1.5,635,13.1,1543,,1.5,51.9,9.1
146,2016-03-16,8.6,3.4,453,15.5,1458,,1.7,41.1,8
146,2016-03-17,11,2.2,624,18.9,1516,,1.6,53.6,8.4
146,2016-03-18,12,9.3,700,16.2,1458,8.7,1,92.1,.5
146,2016-03-19,9.6,5.7,2309,16.3,1411,,1.4,82.6,6.8
146,2016-03-20,8.1,3,551,15.8,1340,,1.7,72.3,11
146,2016-03-21,8.6,2.5,559,16.2,1449,,1.5,66.6,10.5
146,2016-03-22,8.2,2.5,624,15.7,1446,,2,62.9,10.3
146,2016-03-23,7.8,4.7,2258,14.2,1424,,2.3,64.9,7.4
146,2016-03-24,6.4,1.1,636,13.8,1441,,2,56.1,11
146,2016-03-25,6.5,2,613,12.7,1343,,1.9,60.4,11.1
146,2016-03-26,5.6,.6,638,11.8,1536,,1.8,63.1,11.1
146,2016-03-27,6.6,.8,554,14,1455,,2,56.5,9.5
146,2016-03-28,9.8,1.3,505,18,1559,,1.9,45.9,11.3
146,2016-03-29,13.2,7.3,155,18.8,1256,,2.5,54.3,3.2
146,2016-03-30,13.9,7.8,640,21.6,1526,,1.5,50.4,11
146,2016-03-31,14.2,7.3,620,22.9,1446,,1.5,39.1,3.9
146,2016-04-01,14.5,6.3,641,23.8,1423,,1.6,43.8,10.8
146,2016-04-02,15.9,8.6,436,24,1440,,1.9,51.5,8.4
146,2016-04-03,13.5,11,639,16.7,1113,1.8,1.3,79.6,.2
146,2016-04-04,12.6,10,2357,17.9,1601,1.8,1.9,76.1,3
146,2016-04-05,11.4,5.2,622,19.4,1444,,1.7,46.4,9.8
146,2016-04-06,12.4,6.2,608,22.9,1354,27.3,1.8,59,1.1
146,2016-04-07,12.1,9.5,15,16.5,1453,21.5,1.8,87.8,.7
146,2016-04-08,12.5,8.8,2341,21.3,1601,,1.3,82.9,7.3
146,2016-04-09,14.7,6.9,451,24,1545,,1.5,63.5,10
146,2016-04-10,15.4,9.5,640,23.8,1509,,2,64.5,9.3
146,2016-04-11,13.8,9.5,637,20.4,1606,,1.6,69.6,9.3
146,2016-04-12,15.8,9.3,538,23.9,1505,.5,2.5,54.6,9.5
146,2016-04-13,15.7,13.3,2350,19.5,1636,10.6,1.2,94.5,.8
146,2016-04-14,13,10.4,2123,17.3,1600,,1.4,92,4.7
146,2016-04-15,15.6,8.5,531,25.3,1415,,1.5,69.8,10
146,2016-04-16,16.3,11.4,108,20.1,1034,13.6,3.5,78.3,.9
146,2016-04-17,11.5,9.5,434,18,22,9.9,5.3,74.6,5.4
146,2016-04-18,12.6,8.1,558,17.7,1307,1.6,2.9,67.9,7.3
146,2016-04-19,13.3,8.3,621,19.9,1435,,1.7,63.9,10.8
146,2016-04-20,16.4,9.6,338,22,1632,.3,1.4,52.9,1.5
146,2016-04-21,13.9,12.5,327,16.5,1537,29,1.7,91.5,0
146,2016-04-22,18,12.9,620,25.8,1550,,2.1,76.3,8.5
146,2016-04-23,16.6,12.8,533,23.7,1454,,1.3,60.1,2.9
146,2016-04-24,16.4,9.9,407,24.3,1520,,1.5,48.3,10.5
146,2016-04-25,17.9,10.9,502,26.4,1544,,1.6,49.4,11.3
146,2016-04-26,18.2,11.2,544,25.8,1416,.8,1.3,62.3,7.6
146,2016-04-27,13.3,11.6,2018,16,18,22.3,1.9,94.9,0
146,2016-04-28,13.8,10.7,2356,19.1,1511,3.2,1.3,81.9,1.1
146,2016-04-29,14.3,8.6,501,21.5,1330,,1.7,72.1,11.5
146,2016-04-30,17.6,9.7,450,25.2,1509,,2.5,56.9,11.9
146,2016-05-01,20,13.7,339,27.7,1446,,1.9,48.3,12.4
146,2016-05-02,20.3,14.9,541,26.2,1337,7.2,3.4,67.4,6.4
146,2016-05-03,15.4,11.6,1658,20.2,702,13.4,6.3,82.5,0
146,2016-05-04,16,12.3,2328,21.4,1356,,4.2,61.9,12.7
146,2016-05-05,19.6,9.7,349,28,1530,0,2.7,52.8,11
146,2016-05-06,19.4,12.7,2357,26.5,1251,.2,2.9,80.9,8.9
146,2016-05-07,15.7,10.7,459,22.5,1353,,1.8,67.4,10.3
146,2016-05-08,18.4,9.8,534,26.5,1412,,1.3,57,10
146,2016-05-09,18.2,15.7,455,23.8,1426,,1.1,63.1,.4
146,2016-05-10,13.9,12.5,1930,16.1,7,16.1,1.4,94.8,0
146,2016-05-11,16.1,12.5,501,22.1,1448,0,1.5,77.9,10.1
146,2016-05-12,18.6,12.5,403,25.5,1420,,1.7,76,12.7
146,2016-05-13,16.7,13.2,535,22.3,1609,0,1.8,79.4,6
146,2016-05-14,19.5,13.2,625,26.3,1446,,1.8,64.6,11.8
146,2016-05-15,18.9,12.1,2257,25.1,1428,15.1,3.3,76.5,6.5
146,2016-05-16,15,10,441,21.7,1427,8.1,2.4,67.5,9.5
146,2016-05-17,18.4,9.6,512,26.1,1659,,1.8,58.5,13.1
146,2016-05-18,21.9,13.1,503,30.1,1337,,1.6,56.5,13.2
146,2016-05-19,21.6,15.7,459,29.1,1416,,1.6,57.8,10.9
146,2016-05-20,21.7,13.7,551,29.5,1603,,1.8,54.9,13
146,2016-05-21,23,16.3,548,29.7,1553,,1.7,50,11.9
146,2016-05-22,22.8,14.9,529,30,1546,,1.5,45.6,12.3
146,2016-05-23,23,16.4,426,29.6,1506,,1.6,49.9,11
146,2016-05-24,17.8,15.1,1313,21.9,5,22.9,2,87.8,.8
146,2016-05-25,19.4,13.1,511,25.6,1526,,1.5,76,12
146,2016-05-26,20.7,15.6,601,26.4,1424,0,1.7,73.8,8.2
146,2016-05-27,22.3,17.4,616,29.4,1432,,1.4,64.1,6.5
146,2016-05-28,20.4,18.1,607,26.3,1554,0,1.3,60.3,6.8
146,2016-05-29,19.7,15.7,630,25.4,1443,1.3,1.6,73.3,7.4
146,2016-05-30,20.5,14.1,519,27.5,1409,,1.7,74.1,12.7
146,2016-05-31,21,15.8,516,26.9,1437,,1.6,70.6,9.4
146,2016-06-01,22,17.5,427,27.8,1451,,1.8,72.3,7.9
146,2016-06-02,21.3,16.7,545,27.9,1433,,1.8,74.3,11.3
146,2016-06-03,22.6,16.2,551,29.1,1452,,1.5,61.3,9.3
146,2016-06-04,20.1,17.1,2353,22.4,901,1.3,1.2,78.6,.1
146,2016-06-05,22,15.7,546,30.2,1613,,1.4,70.1,10.4
146,2016-06-06,20.5,18.4,312,24.9,1329,3.1,1.1,77.3,0
146,2016-06-07,21.1,19,350,25.8,1525,.2,1.3,82.5,2.3
146,2016-06-08,21.4,18.6,454,26.1,1606,,1.3,77.4,2.6
146,2016-06-09,23.1,18,338,30,1612,,1.4,74.8,10.2
146,2016-06-10,23.6,19.9,505,29.4,1441,,1.5,78.4,8
146,2016-06-11,24.4,20.1,158,28.9,1600,13,1.3,81.9,4.8
146,2016-06-12,23.7,21.4,2351,26.1,1405,0,1.4,88.3,.3
146,2016-06-13,21.9,18.9,509,28.1,1547,0,1.5,84.9,6
146,2016-06-14,22.4,17.9,535,29.7,1425,0,1.4,81.3,6.8
146,2016-06-15,22.4,20,52,25.5,1354,1.4,2.1,80.4,.1
146,2016-06-16,20.9,18.6,2307,24.5,1545,0,2.4,86,4.3
146,2016-06-17,23.6,17.3,518,29.5,1718,,1.5,69.9,12.6
146,2016-06-18,24.2,19,458,31.3,1410,,1.4,73.9,11.3
146,2016-06-19,24.5,21.5,2356,29,1413,0,1.9,78,11
146,2016-06-20,22.6,19.9,333,26.4,1419,9.2,1.1,90.1,2.2
146,2016-06-21,24.7,20.6,123,30.1,1420,1.3,1.1,82.3,5.9
146,2016-06-22,24.4,22.1,228,28.6,1048,0,1.4,86.6,1.1
146,2016-06-23,24.9,21,607,29.7,1403,0,1.7,82.4,8.4
146,2016-06-24,21.6,19.9,2202,24.8,1632,27.7,2.2,93.6,.4
146,2016-06-25,22.7,19.6,404,26.8,1501,,3.2,79.1,11.6
146,2016-06-26,23.2,19.2,530,28.5,1555,,1.9,73.9,12.1
146,2016-06-27,21.7,18.7,424,26.7,1533,38,1.1,82.6,1.4
146,2016-06-28,22.8,18.4,505,27,1227,,1.1,82.9,5.2
146,2016-06-29,23.7,20.2,644,27.5,1454,0,1.6,79,.7
146,2016-06-30,25.4,22.1,702,30.5,1520,.6,2,81.4,3.2
146,2016-07-01,25.1,23.6,1349,28.7,1042,47.7,2.4,88.4,.9
146,2016-07-02,23.4,22,2353,27.6,1221,49.6,2.1,93.3,.7
146,2016-07-03,22.1,20.4,1821,24.6,1253,25.6,1,96,0
146,2016-07-04,24.2,20.9,1,28.8,1551,57.4,1.5,98.3,0
146,2016-07-05,27.3,24.7,26,31.6,1410,8.9,2.9,85.8,4.4
146,2016-07-06,24.2,22.4,935,27.5,1423,33.3,1.3,97.4,.1
146,2016-07-07,25.6,23.1,2343,29.4,1211,.1,1.2,89.8,4.4
146,2016-07-08,26.8,21.8,503,32.3,1636,0,1.5,78.3,9.6
146,2016-07-09,26.6,22.7,542,32.5,1455,,1.5,81.1,10.3
146,2016-07-10,26.1,22.4,453,30.6,1347,,1.2,81,5.2
146,2016-07-11,25.5,22.8,2024,30.7,1234,13.8,1,89.4,.4
146,2016-07-12,25,22.5,405,28.4,1816,.9,1,91,2.1
146,2016-07-13,25.6,22.8,229,30.1,1617,0,1.5,86.9,3.7
146,2016-07-14,25.2,22.4,435,28.9,1547,0,1.9,83,7.8
146,2016-07-15,26.1,22.5,331,30.8,1305,.7,1.3,75.5,3
146,2016-07-16,23.7,21.6,822,26.7,1548,5.5,3.6,88,.6
146,2016-07-17,23.4,21.9,2359,26.9,1442,,2.3,81.3,3.6
146,2016-07-18,24.3,20.5,553,28.7,1537,,1.1,78.4,8.4
146,2016-07-19,26.4,20.4,404,32.7,1505,2.9,1,78.8,8.6
146,2016-07-20,28.2,23.4,545,33.7,1556,,1.6,71.7,9.2
146,2016-07-21,28,24,514,33.5,1615,,1.8,71.6,8.7
146,2016-07-22,28.8,24.3,517,34,1523,,2,73.1,9.3
146,2016-07-23,28.7,23.9,537,33.8,1529,,1.7,74.6,9.7
146,2016-07-24,28.7,25,536,33.8,1717,,1.8,78.8,8
146,2016-07-25,28.9,26.4,551,32.8,1341,,1.7,78.4,10.6
146,2016-07-26,28.8,24.8,505,33.6,1404,,1.9,77.8,9.9
146,2016-07-27,28.7,25.1,2353,33.1,1600,5.4,2.1,75.8,6.5
146,2016-07-28,28.4,25.1,1,32.1,1512,0,2.3,78.1,9.9
146,2016-07-29,29.6,25.6,105,34.5,1625,,1.5,78.9,7.5
146,2016-07-30,29.6,26.1,525,34.3,1440,,1.7,77.5,11
146,2016-07-31,29,25.6,525,33.6,1433,,1.6,77.6,10.6
146,2016-08-01,28.6,24.5,524,33,1356,,1.5,77.3,8.3
146,2016-08-02,27.4,25.3,458,30.9,1309,0,1.5,80.5,.2
146,2016-08-03,27.5,24.1,120,31.1,1131,0,1.1,77.3,1.4
146,2016-08-04,28.4,24,346,34.6,1559,.2,1.5,79.4,7.6
146,2016-08-05,28.9,25.7,610,34.5,1400,7,1.4,82.8,8.9
146,2016-08-06,28.2,22.7,1901,33.9,1336,16.5,1.5,84.1,6.8
146,2016-08-07,28.5,24.2,552,33.3,1341,0,1.7,80.4,9.4
146,2016-08-08,28.8,24.3,530,33.5,1532,,1.5,75.8,10.7
146,2016-08-09,29,24.4,432,33.3,1536,,1.4,77,5.6
146,2016-08-10,29.1,25.9,527,34.1,1517,,1.5,76.8,9.3
146,2016-08-11,29.6,24.6,556,34.9,1520,,1.4,73.5,12
146,2016-08-12,29.6,25.3,435,35.3,1558,,1.5,75.8,12.1
146,2016-08-13,29,24.6,519,34.1,1500,,1.7,78.1,12.2
146,2016-08-14,29.2,25.9,508,34,1512,,1.7,81.9,7.1
146,2016-08-15,28.7,26.4,821,33.8,1416,.4,1.8,78.9,6.6
146,2016-08-16,28.3,24.6,617,34.1,1441,,1.6,70.4,10.7
146,2016-08-17,28.4,23.9,542,33.5,1601,,1.6,71.8,9
146,2016-08-18,28.3,25.5,608,34.4,1427,2.3,1.2,79.4,4.6
146,2016-08-19,28.8,24.5,504,35.2,1252,,1.3,75.4,6.7
146,2016-08-20,29.6,25.5,502,36.2,1459,,1.6,72.8,7.4
146,2016-08-21,29.3,24.2,459,34.4,1450,,1.4,66.8,10
146,2016-08-22,28.9,24.4,604,35.1,1449,,1.7,71.5,12
146,2016-08-23,27.7,24.8,440,30.7,1029,4.4,1.1,81,3.7
146,2016-08-24,28.9,24.7,554,34,1440,0,1.4,75.3,11
146,2016-08-25,28,23.9,606,33.7,1330,,1.7,71,8.9
146,2016-08-26,23.4,19.5,2306,26.7,1010,1.8,1.3,88,0
146,2016-08-27,23.4,19.7,1,27.8,1447,.1,1,66,1.9
146,2016-08-28,20.3,17.8,2356,23.4,1156,.7,2.5,81.9,1.8
146,2016-08-29,21.3,16.2,542,27.7,1515,,2.7,70.4,11.7
146,2016-08-30,21.2,18.6,509,24.5,1251,1.2,3.8,74,4.5
146,2016-08-31,23.5,19.2,329,26.5,1321,1.2,5.6,66,5.7
146,2016-09-01,27.1,23,604,32.5,1519,,3.3,61.8,10.2
146,2016-09-02,22.3,20.9,617,25.2,19,.3,2.2,84.6,1.5
146,2016-09-03,24.8,20.4,47,30.8,1549,0,1.3,76.5,8.5
146,2016-09-04,26.2,21.6,536,31.4,1234,0,1.3,77,3.8
146,2016-09-05,25.4,22.5,2348,30.3,1436,2.6,1.5,84.4,6.5
146,2016-09-06,23.8,19.9,610,28.9,1249,,1,77.8,1.6
146,2016-09-07,22.9,19.9,539,28.7,1529,.2,1.2,78.4,1.1
146,2016-09-08,23.4,19,548,28.8,1506,0,1.6,77.6,7.5
146,2016-09-09,23.6,20,541,29.2,1449,,1.8,75,8.8
146,2016-09-10,22.6,18.5,605,28.4,1419,0,1.2,80.1,1.7
146,2016-09-11,23.8,19.3,548,29.7,1353,,1.3,76.6,4
146,2016-09-12,23.6,20.8,439,29.2,1439,.9,1.2,78.5,5.9
146,2016-09-13,24.3,18.6,456,30.7,1416,,1.5,74,9.6
146,2016-09-14,23.8,21.1,305,29.2,1332,,1.5,79.5,2.9
146,2016-09-15,24.3,19,520,29.8,1347,,1.1,70.6,7.6
146,2016-09-16,21.7,20.5,2330,23.2,1,15.2,.3,91.6,0
146,2016-09-17,19.9,19,542,21.3,1528,95.2,1.2,98.3,0
146,2016-09-18,19.3,17.6,1900,20.4,1420,12.6,.5,96.5,0
146,2016-09-19,21.2,18.2,222,27.2,1418,,1.2,73.6,4.5
146,2016-09-20,20.2,15.5,627,25.4,1452,,2,56.8,11.5
146,2016-09-21,20,13.9,610,24.9,1058,,1.3,63.6,6.3
146,2016-09-22,20.8,17.3,449,26,1513,,1.4,66.9,8.6
146,2016-09-23,20.8,15.8,401,27,1507,,1.4,70.3,8.5
146,2016-09-24,21.7,16,533,28.2,1407,,1.4,72,10.3
146,2016-09-25,21.6,17.4,510,25.6,1130,,1,82.1,1.2
146,2016-09-26,23.3,18.5,411,28,1342,.6,1,80.8,2.2
146,2016-09-27,24.5,21.3,641,30.1,1240,6.8,1.6,86.8,4.5
146,2016-09-28,21.7,19.1,650,25,1225,0,1.3,87.9,.5
146,2016-09-29,21.5,19.5,2318,24.9,1448,0,1.3,85.5,0
146,2016-09-30,18,17.2,2253,19.6,1,11,.9,95.1,0
146,2016-10-01,18.7,16.6,157,21.8,1423,.6,.8,94.9,0
146,2016-10-02,23,18.3,1,28.9,1438,3.1,1.6,88.1,1.5
146,2016-10-03,22.6,19.9,2351,24.4,627,6.1,1.3,95.1,.2
146,2016-10-04,23.5,17.7,640,29.8,1414,,1.7,75.6,7
146,2016-10-05,20,18,651,24.2,1605,47.5,2.2,92.1,2.4
146,2016-10-06,18.9,15.2,646,23.6,1422,,1.4,78.3,10.1
146,2016-10-07,18,13.8,539,24,1225,14.2,1.2,84.1,3.6
146,2016-10-08,17.6,14.4,2153,22,1517,41.4,2,84.3,4
146,2016-10-09,12.5,9.1,638,17,1520,,2.8,60,10.1
146,2016-10-10,13.2,9.2,702,17.4,1226,,1,68.3,4.4
146,2016-10-11,14.9,10.9,255,21.7,1528,,1,75.9,3.7
146,2016-10-12,15.5,11.3,433,21.5,1454,,1.3,69.4,7.3
146,2016-10-13,15.1,11.6,531,19.8,1431,,.9,69.5,2.3
146,2016-10-14,16.5,9.8,623,24.5,1441,,1.3,70.5,9.7
146,2016-10-15,18.7,12,648,25.7,1419,,1.2,68.5,7.2
146,2016-10-16,16.8,15.7,1441,20.9,1044,26.2,1.2,87.8,.1
146,2016-10-17,18.3,15.5,2350,22.5,1440,3.4,1.2,88.5,2.4
146,2016-10-18,16.9,13.7,603,21.9,1442,,1.1,86.1,7.2
146,2016-10-19,17.4,14.1,655,22.3,1053,,1.2,84.9,5.1
146,2016-10-20,17.1,12.3,647,22.1,1432,,.8,83.8,3.9
146,2016-10-21,18,15.9,2229,21.3,1119,0,1,73.8,0
146,2016-10-22,17.7,14.9,416,21.2,1511,0,1,74.9,1.7
146,2016-10-23,16.5,13.2,1952,19.9,1103,0,1.5,78.9,0
146,2016-10-24,16.2,12,430,19.6,1350,0,1.3,70.1,.6
146,2016-10-25,15.6,13.1,2355,19.6,1358,7.8,2.4,88.4,2.1
146,2016-10-26,14.4,10.6,636,19.2,1210,,1.5,81,4.3
146,2016-10-27,14.8,9.8,443,19.3,1442,0,.9,80.1,.6
146,2016-10-28,14.3,12.3,2343,16.2,8,2,1.6,88,.1
146,2016-10-29,10.2,7.3,2358,13.8,1314,,2.1,62.1,3
146,2016-10-30,8.7,3.3,701,15,1629,,1.6,47.3,9.7
146,2016-10-31,9.4,6.4,339,13,1313,0,1.6,63.6,0
146,2016-11-01,5.1,2.7,634,9.2,1415,,2.6,55,9.8
146,2016-11-02,6.4,-.1,404,12.1,1403,,1.5,60.6,9.3
146,2016-11-03,9.2,5.2,523,14.4,1514,.2,1.8,76.1,5.1
146,2016-11-04,11.3,5.7,452,18.1,1401,,1.8,76.1,7
146,2016-11-05,14.6,9.5,1,20.6,1354,,2,79,7.3
146,2016-11-06,14.8,9,618,21.1,1312,,1.5,72.6,7.3
146,2016-11-07,15.1,12.1,529,19.5,1344,2.3,1.7,68.5,4.2
146,2016-11-08,7.7,3.1,2349,12.2,1,6.5,2.8,67.9,6.8
146,2016-11-09,4.3,-.8,721,9.3,1443,,1.7,52.6,9.5
146,2016-11-10,7.1,3.3,313,11.7,1240,5.1,1,77,.1
146,2016-11-11,10,6.1,239,15.1,1252,1.8,2.1,73.4,8.2
146,2016-11-12,12.3,5.8,652,19.9,1350,,1.8,59.6,7.4
146,2016-11-13,15.3,9.6,258,20.4,1455,0,1.5,68.5,.3
146,2016-11-14,15.7,11.2,726,19.2,1141,.3,1.4,82,.7
146,2016-11-15,9.3,4.6,2343,14.6,1,,2.6,54.9,9.3
146,2016-11-16,6.9,1.2,658,12.9,1430,,1.2,58.5,6.1
146,2016-11-17,11.2,5.2,19,17.6,1457,,1.3,54.9,7.8
146,2016-11-18,11.4,7.8,729,16.8,1240,12.7,1.2,78,2.3
146,2016-11-19,13,10.9,1,14.4,1256,.7,.7,98,0
146,2016-11-20,12.7,9,2322,17.6,1512,0,1.6,75.1,7.4
146,2016-11-21,11.2,7.8,434,14.4,1359,.2,1,86.3,.1
146,2016-11-22,5.7,1.5,2340,10.7,2,0,2.9,63.1,1.3
146,2016-11-23,1.9,-1.4,729,6.1,1522,,2.6,46.8,8.1
146,2016-11-24,1.4,-1.1,523,5.1,1344,,2.8,55.9,9
146,2016-11-25,3.5,-.8,219,8.5,1422,,1.5,56.8,7.6
146,2016-11-26,2.1,-.4,622,5.2,1251,5.4,1.1,79,0
146,2016-11-27,4.5,-.6,727,10.2,1444,0,1.1,85.1,5.5
146,2016-11-28,4.3,1.1,2344,8.9,1510,,1.6,67.1,8.7
146,2016-11-29,3.2,-2.1,709,8.9,1511,,1.3,57.5,9.1
146,2016-11-30,6.4,.8,21,10.8,1341,2.3,1.2,76.1,.7
146,2016-12-01,7,1.6,2303,11.6,1149,0,2.5,65.3,7.8
146,2016-12-02,3.1,-1.7,731,8.6,1416,,1.4,66.9,9.2
146,2016-12-03,3.9,-1.8,726,10,1316,,1,69.8,6.2
146,2016-12-04,6.2,2.1,413,10.7,1559,,1,67.9,.8
146,2016-12-05,9.2,6,2357,14.3,1341,0,2.8,75.1,2.7
146,2016-12-06,2.2,-1,2340,5.9,1,,2.1,50.3,9.2
146,2016-12-07,4,-2.2,232,9.6,1539,.1,1.8,68.5,1.4
146,2016-12-08,5.3,.3,539,10.6,1328,2.5,1.6,78.5,6.4
146,2016-12-09,5.3,.9,2207,9.5,203,3.3,2.8,66.6,8.1
146,2016-12-10,.9,-3.3,804,5.6,1458,,1.2,55.1,9.1
146,2016-12-11,.6,-5.1,711,7.8,1600,,1.1,51.8,9
146,2016-12-12,7.1,-.7,2,13.3,1321,0,1.2,54.1,3
146,2016-12-13,5.9,2.7,2348,9.4,1346,,1.6,73.5,.3
146,2016-12-14,1.4,-1.3,753,4.5,1512,,1.7,65.9,5.5
146,2016-12-15,-.4,-3,2352,3.6,1436,,2.2,58.4,6.4
146,2016-12-16,-.9,-5.2,555,3.2,1524,,1.6,54.1,9.2
146,2016-12-17,4.5,-.2,655,11,1500,,1.8,63.6,6
146,2016-12-18,5.5,-.2,700,11.5,1449,0,1.6,75.3,2.2
146,2016-12-19,10.3,7.4,1,14.5,1322,3.2,1.5,93.5,.4
146,2016-12-20,9.1,5.8,2359,13.7,1558,,1,81.3,6.1
146,2016-12-21,11.2,4.3,226,16,2356,10.1,2.2,84.4,2.5
146,2016-12-22,7.9,4.3,2336,16.9,216,13.8,4.4,92,0
146,2016-12-23,1.5,.4,1728,4.5,1,2.4,3.7,87.1,0
146,2016-12-24,.1,-1.6,807,2.4,1400,,1.4,71.1,2.1
146,2016-12-25,3.3,-3.2,649,9,1528,,.9,72.6,7.3
146,2016-12-26,4.5,3.2,2036,5.7,941,11.2,1.6,92.5,0
146,2016-12-27,1.5,-2.9,2335,4.8,1336,0,3,61.9,8
146,2016-12-28,-1.7,-6,707,3,1341,,1.2,57.8,9.3
146,2016-12-29,-1.2,-3.2,2357,1.8,1354,.2,2.2,59.5,7.5
146,2016-12-30,-1.1,-6.5,653,5.1,1412,,1.6,64.3,9
146,2016-12-31,2.8,-1.2,1,6.2,1443,0,1.2,72.9,1
146,2017-01-01,4.8,.8,807,10.7,1357,,1.4,75.1,5.6
146,2017-01-02,6.1,1.5,513,10.3,1338,,1.6,81.9,1.1
146,2017-01-03,3.3,-.3,545,8.7,1357,,1.2,77.9,7
146,2017-01-04,4.1,-.2,444,9.3,1453,,1.3,81.6,2.8
146,2017-01-05,5.6,1,710,9.5,1858,,1,72.5,0
146,2017-01-06,7.9,4,2359,12,1329,0,1.5,61.9,8.5
146,2017-01-07,5.9,1.2,729,9.8,1150,,1,71.4,3.8
146,2017-01-08,8.3,5.9,148,13.7,1352,0,1.7,68.9,5
146,2017-01-09,4.4,.6,2350,7.9,1411,0,3.2,71.4,6.1
146,2017-01-10,.8,-2.5,2359,4.9,1415,,2.2,65.5,5.3
146,2017-01-11,-1.8,-5.1,659,1.9,1419,0,1.5,61.4,5.6
146,2017-01-12,1.7,-2.3,1,7.8,1254,0,2.5,69.6,5.1
146,2017-01-13,-1.6,-4.8,705,2.7,1123,.5,2.1,65.4,3.2
146,2017-01-14,-4.4,-7.2,2347,-1.5,1433,,3.2,50,9.3
146,2017-01-15,-4.9,-9.7,531,.7,1533,,1.5,53.3,9.3
146,2017-01-16,-2.5,-8.2,646,3.7,1502,,1.6,55.8,9.3
146,2017-01-17,-1.3,-6.4,619,3.9,1414,,1.1,53.1,4.1
146,2017-01-18,.9,-3.9,353,6.6,1242,,1.4,60.9,3.8
146,2017-01-19,.3,-3.9,751,5.8,1534,,1.3,70.4,7.7
146,2017-01-20,-1.2,-4,2256,1.5,448,1.6,3.4,74.1,3.4
146,2017-01-21,-1.4,-5.7,151,3.2,1339,1.1,1.7,80,3.6
146,2017-01-22,-3.2,-6.2,2354,.6,21,0,3.2,67.9,6.6
146,2017-01-23,-5.1,-7.6,734,-.8,1539,0,2,62.6,7.6
146,2017-01-24,-3.7,-8.9,639,1.9,1525,,1.7,66.9,9.2
146,2017-01-25,-2.9,-7.9,645,2.1,1451,,1.5,64.5,9.5
146,2017-01-26,-.1,-7.4,652,6.7,1529,,1.6,59,8.7
146,2017-01-27,1.8,-2.4,2349,7.3,240,1.2,2.8,62.3,8.3
146,2017-01-28,2,-5.1,745,8.8,1438,,1.2,52.6,8.2
146,2017-01-29,4.6,1.6,2358,8.1,1059,7.5,1.4,81.5,0
146,2017-01-30,-1.1,-5.2,2311,2.5,1437,1.5,3.1,64.9,5.2
146,2017-01-31,-2.7,-7.9,754,2.3,1621,,1.3,56.9,9
146,2017-02-01,-1.3,-4.7,250,4.5,1434,,2.1,53.9,7.7
146,2017-02-02,-1.3,-6.5,730,4.4,1520,,1.3,56.4,9.8
146,2017-02-03,2,-2.8,632,7.4,1512,,1.3,67.1,8.1
146,2017-02-04,5.1,-.5,156,9.9,1458,0,1,60.9,.9
146,2017-02-05,4.3,1.8,2242,6.3,21,2.1,2.3,81.6,0
146,2017-02-06,.6,-1.8,2350,4.1,1414,,2.7,61.3,8.9
146,2017-02-07,.2,-3.7,449,6,1418,,1.3,62.5,6.1
146,2017-02-08,.8,-1,700,4.5,1409,0,1.8,67.5,.6
146,2017-02-09,-2.3,-5.2,2349,1.7,1420,0,3.5,57,4.9
146,2017-02-10,-3.6,-5.8,704,1,1405,0,3.2,56.8,7.3
146,2017-02-11,-1.9,-5.5,144,2,1441,0,2.6,58.8,6.5
146,2017-02-12,.5,-2.1,702,5,1414,0,1.8,60.9,9.9
146,2017-02-13,2.3,-4.4,713,6.9,1357,0,1.8,71,6.9
146,2017-02-14,2.1,-1.1,729,7.5,1526,,1.8,59.1,10
146,2017-02-15,3.2,-3.5,700,10.9,1538,,1.3,49.6,9.6
146,2017-02-16,9.1,.1,645,15.7,1314,3.7,2,61.3,7.8
146,2017-02-17,3.7,-2.1,2355,12.2,32,3.3,3.5,78.1,5.5
146,2017-02-18,-.6,-4.6,725,5.1,1430,,2.3,54.9,10.3
146,2017-02-19,4.7,-3.3,412,10.7,1350,4.3,2.3,57.1,6
146,2017-02-20,2,-3.4,2358,11.2,107,17.3,4.5,74,7
146,2017-02-21,1.1,-5.4,726,7.9,1533,,1.3,55.3,9.8
146,2017-02-22,5.3,2.4,2358,7.9,1539,21.9,1.7,84.6,0
146,2017-02-23,.8,-2.1,2352,5.2,1428,,3.4,68.8,6.3
146,2017-02-24,.6,-4.8,701,5.4,1457,,1.8,57.8,9.8
146,2017-02-25,3.5,-.9,716,8.9,1435,,1.9,54.3,10.3
146,2017-02-26,3.8,-.1,736,9.7,1443,,1.6,63.8,9.6
146,2017-02-27,3.9,-1,718,10.7,1515,,1.5,59.3,10.3
146,2017-02-28,5.4,-1.5,543,12.8,1523,,1.7,51,10.5
146,2017-03-01,7,2.2,330,13.7,1401,2,1.7,55.4,3
146,2017-03-02,2.1,-.7,2353,5.8,1350,6.7,3.6,73.1,5.7
146,2017-03-03,3.9,-2.8,629,11.7,1528,,1.7,55.8,10.3
146,2017-03-04,5.9,.1,554,13.6,1530,,1.6,52.6,10
146,2017-03-05,5.9,.8,625,13.3,1607,,1.7,61.5,6.5
146,2017-03-06,2.5,-1,2327,7.2,1338,,3.7,50,10.8
146,2017-03-07,-.4,-3,438,3.5,1433,1.9,2.9,62.8,8.7
146,2017-03-08,1.6,-2.2,456,6.7,1455,0,2.5,69.9,5.9
146,2017-03-09,5.3,-.9,703,11.1,1427,,3.3,62,10.5
146,2017-03-10,5.5,-.4,627,12.8,1556,,1.9,51.1,10.9
146,2017-03-11,7.7,-.3,630,16.9,1518,,1.6,37.5,10.5
146,2017-03-12,8.6,1.5,627,16.6,1410,,1.7,42.9,7
146,2017-03-13,7.2,3.3,730,13.9,1505,,1.9,66.5,7.1
146,2017-03-14,5.2,1,701,11.3,1323,,2.4,59.1,11
146,2017-03-15,5.1,-1.2,643,12,1430,,1.8,51.9,10.9
146,2017-03-16,5.4,.2,627,12.9,1307,,1.7,52.8,8.2
146,2017-03-17,6.9,-.9,627,16.2,1458,,1.7,50.6,10.8
146,2017-03-18,9,3.1,637,17.3,1546,,1.4,39.1,6.9
146,2017-03-19,9.9,2,519,18.9,1450,,1.6,43.1,9.7
146,2017-03-20,8.5,5.1,645,12.8,1523,3.5,1.4,67.3,1.1
146,2017-03-21,6.5,3.5,2340,10.4,1346,.7,2.9,70.5,9.7
146,2017-03-22,6.3,.2,557,13.3,1529,,1.6,56.9,7
146,2017-03-23,8.3,4.5,2349,15,1305,,1.6,57.8,5.8
146,2017-03-24,8.4,2.6,436,14.2,1436,,1.4,55,5.9
146,2017-03-25,7.1,5.5,2337,9.5,1520,2.9,1.2,74.5,.1
146,2017-03-26,6.7,3.5,703,11.5,1441,,1.9,69.5,3.8
146,2017-03-27,6.9,4.3,439,11.2,1508,0,2.3,76.8,5.5
146,2017-03-28,7.8,2,622,14.1,1434,3.2,1.9,60.3,7.6
146,2017-03-29,9.3,4.1,628,15.2,1626,1.6,1.4,73.6,5.5
146,2017-03-30,10.6,3.8,532,19.3,1601,,1.5,64.5,10.5
146,2017-03-31,9.8,6.4,2336,15.1,1316,1.6,1.7,75.9,4.7
146,2017-04-01,8.2,5.2,2356,13.7,1233,2.2,2.1,76.6,5.2
146,2017-04-02,8,1.6,620,15.6,1357,,2.2,65.4,11.6
146,2017-04-03,10.7,2.7,529,18.5,1446,,1.9,47.1,11.7
146,2017-04-04,14,6.4,610,22.5,1421,,1.8,37.5,10.3
146,2017-04-05,14.5,10.6,753,16.5,1619,9.9,2.2,77.3,0
146,2017-04-06,12.3,8.6,2200,16,228,7.6,1.2,96.6,0
146,2017-04-07,13.6,8.8,18,22.9,1539,,1.3,79.6,8.8
146,2017-04-08,12.5,8.2,2142,22.1,1359,,1.4,83.4,9.9
146,2017-04-09,14.3,8.3,1,22.1,1452,,1.6,72.4,5
146,2017-04-10,16.4,11.8,602,22.6,1512,0,2.2,39.4,7.8
146,2017-04-11,11.2,8.2,638,16.9,1416,12.2,2.5,76,6.7
146,2017-04-12,11.3,6.1,636,17.5,1403,,2.5,40.9,11.1
146,2017-04-13,13.2,5.2,541,20,1433,,2.4,50,10.9
146,2017-04-14,16.2,11.1,12,21,1426,0,3.2,47.1,5.7
146,2017-04-15,18.2,12.7,605,25.1,1404,0,2.1,63.3,11.9
146,2017-04-16,17.6,8.7,638,28.7,1428,,1.5,67.4,10.7
146,2017-04-17,14.1,11.6,2353,17.5,807,18.2,1.4,83.9,1.8
146,2017-04-18,13.9,9.4,2342,22.7,1350,.1,2.7,79.6,4.5
146,2017-04-19,12.7,7.8,543,18.2,1359,,2.6,56.1,11.9
146,2017-04-20,11.7,9.4,2346,15.1,1009,2.9,.9,65.9,.1
146,2017-04-21,12.7,7.2,522,19.4,1500,,1.5,73.3,8.3
146,2017-04-22,13.3,7.1,607,20.9,1437,,1.7,67.3,9.3
146,2017-04-23,14.4,7.3,534,22.7,1419,,1.8,56.4,12.4
146,2017-04-24,16,8.6,514,23.2,1412,,2.1,48.5,12
146,2017-04-25,17.3,12.9,231,22.3,1307,4,2,69.1,4.9
146,2017-04-26,15,10.5,2358,20.8,1423,.7,2.1,58.9,9
146,2017-04-27,12.7,7,538,19.5,1322,,2.4,47.4,11
146,2017-04-28,15.4,7.6,334,24.1,1431,,3.1,50.9,11.7
146,2017-04-29,18,9.3,613,25.4,1554,,2.1,46.8,12.2
146,2017-04-30,19.9,14.7,353,27.8,1440,,2.5,55.9,11.2
146,2017-05-01,19.1,12.2,543,28.4,1439,,1.7,64.4,11.1
146,2017-05-02,19.7,12.3,509,26.8,1526,,1.4,58.5,8.7
146,2017-05-03,20.4,13,519,28.6,1516,,1.6,55.9,12.4
146,2017-05-04,20.7,14.7,520,27.8,1403,0,1.4,59.6,7.5
146,2017-05-05,19.1,15.4,1951,26.3,1126,9,1.3,78.9,3.6
146,2017-05-06,15.7,11.3,635,22.1,1415,,2.2,49.4,11.6
146,2017-05-07,16.4,9.7,534,23.2,1447,,2.6,59,12
146,2017-05-08,17.8,11.1,350,23.8,1442,,1.4,51,1.8
146,2017-05-09,14.6,11.5,656,18.5,1223,18.1,1.4,86.5,.1
146,2017-05-10,14.6,13.4,2214,17.3,1627,2.6,1.8,92,2
146,2017-05-11,20.5,13.9,1,26.6,1634,0,1.6,68.5,8.8
146,2017-05-12,20,16.9,2348,22.9,1128,.2,1.2,73.5,0
146,2017-05-13,18.5,13.3,2309,26.1,1502,.2,2.1,79.6,7.3
146,2017-05-14,15.4,11.6,555,21.2,1358,,2.8,67.1,12.6
146,2017-05-15,15.2,9.7,426,21.5,1336,,2.6,68.5,12.3
146,2017-05-16,16.2,10.7,407,22.5,1427,,1.4,68.6,9
146,2017-05-17,17.2,10.4,440,25.2,1456,,1.6,62,11.1
146,2017-05-18,19.6,11.4,508,26.5,1416,,1.8,56,13.1
146,2017-05-19,20.4,13.2,502,28.5,1449,,2,51.3,13.1
146,2017-05-20,19.9,12.9,429,26.6,1327,,1.6,47.5,10.1
146,2017-05-21,20.2,13.6,603,27.4,1522,,1.6,52.5,11.2
146,2017-05-22,21.1,13.4,538,27.6,1356,,1.8,57.9,13.3
146,2017-05-23,20.8,15.7,545,26.3,1421,,1.3,65.4,3.5
146,2017-05-24,20.4,16.4,607,25.4,1504,2.4,1.4,78.4,5.4
146,2017-05-25,17.9,13.1,2358,26.8,1323,,2.6,70.9,13.2
146,2017-05-26,16,11.1,530,21.2,1422,,2.8,58.9,13.6
146,2017-05-27,17.7,10.5,532,25.7,1445,,1.7,58.5,13.5
146,2017-05-28,22.2,13.9,239,29.5,1446,,2.5,50.3,12
146,2017-05-29,23.2,16.9,512,30.3,1339,,1.9,56.6,12.7
146,2017-05-30,23.4,16.9,545,30,1318,,1.1,54,8.5
146,2017-05-31,20.4,16.8,540,27.2,1157,19,1.2,80.4,4.7
146,2017-06-01,19.8,15.5,2210,24,1154,,2,86.6,5.3
146,2017-06-02,18.9,12.4,514,25.2,1312,,1.9,62,13.4
146,2017-06-03,18.7,14.4,531,23.5,1439,.2,2.2,63,11.5
146,2017-06-04,20,11.5,516,27.4,1545,,2,54.1,13.5
146,2017-06-05,22,14.1,457,29,1544,,1.6,46.6,11.4
146,2017-06-06,19.5,15.8,1719,23.3,1231,3.1,2.4,65.6,0
146,2017-06-07,18.3,15.7,2142,21.1,1044,.9,3.1,89.8,0
146,2017-06-08,19.4,15.5,344,25.3,1544,,1.7,77.8,7.1
146,2017-06-09,22,15.6,520,28,1557,,2.3,63.4,11.1
146,2017-06-10,21.7,17.2,431,25.6,1531,,1.4,77.8,.7
146,2017-06-11,22.6,19,2336,29.2,1410,,1.8,57.3,11.5
146,2017-06-12,21.4,17.6,426,27.1,1528,0,1.3,64.9,5.6
146,2017-06-13,20.8,16.9,404,26.6,1420,,1.8,64.8,8.4
146,2017-06-14,20.2,14.5,524,26.4,1443,,2,72.1,11.9
146,2017-06-15,21.8,16,522,28.1,1514,,1.5,66.6,12.4
146,2017-06-16,23.8,17.2,525,30.7,1317,,1.8,53.6,12.8
146,2017-06-17,23.7,18.1,458,30.6,1319,,1.9,59.6,12.9
146,2017-06-18,23.6,18.3,549,31.4,1436,,1.6,62.6,12.3
146,2017-06-19,24.5,17.5,545,31.8,1423,,1.5,57.3,12.1
146,2017-06-20,24.4,19.5,530,28.9,1403,,.9,57.9,.4
146,2017-06-21,23.8,20.4,557,28.6,1404,,1.7,71.8,7.6
146,2017-06-22,24.2,20.8,543,30.5,1449,,1.7,73,11.9
146,2017-06-23,25.8,19.9,447,33,1438,,1.5,66.3,10.8
146,2017-06-24,23.6,20.3,2350,30.6,1219,3.5,1.3,78.3,3.6
146,2017-06-25,23.6,19.9,317,29,1610,,1.3,78.4,7.9
146,2017-06-26,22,18.9,2130,27,1056,66.3,1.5,87,.4
146,2017-06-27,23,19.7,27,29,1600,24.3,1.1,87.3,2.3
146,2017-06-28,24.4,20.5,258,30.1,1440,1.7,1.3,81.1,7
146,2017-06-29,25,22,528,30,1520,0,1.1,81.4,4.8
146,2017-06-30,25.1,22.5,506,29.5,1457,0,1.4,83.5,3.8
146,2017-07-01,26,22.3,100,29.1,1449,1.8,.9,86.8,0
146,2017-07-02,27,24.9,636,29.5,1239,8.3,1.5,84.9,.5
146,2017-07-03,26.8,24,200,30.1,1407,12.7,3.1,89,1.7
146,2017-07-04,25.5,24.4,451,28,1534,2.3,1.6,95.4,.5
146,2017-07-05,26.9,24,354,32.2,1548,0,1.1,85.5,5.8
146,2017-07-06,26.4,23.9,1601,31.3,1439,2.1,1.4,87.3,2.7
146,2017-07-07,27.4,24.1,448,30.2,1514,1.3,2.3,84.6,.6
146,2017-07-08,26.2,22.8,730,29.4,1715,37.6,1.8,91.8,.6
146,2017-07-09,27,23.1,1834,33.1,1534,16.6,1.4,88.1,7.8
146,2017-07-10,27.3,24.7,837,29.9,1450,12.2,2.2,88.3,.3
146,2017-07-11,26.4,23.6,157,30.9,1508,3.5,2.5,89.8,4.6
146,2017-07-12,27.2,24,401,32,1553,,1,85.6,8.8
146,2017-07-13,27.4,23.1,327,31.7,1505,,1,81,10.6
146,2017-07-14,26.8,23.2,1634,32.9,1253,1.9,1.5,85.1,4.1
146,2017-07-15,24.3,21.6,256,27.1,1359,58.5,1.8,95.5,.6
146,2017-07-16,27.5,25.3,12,31,1357,,1.5,88.3,1.8
146,2017-07-17,24.9,21.9,1514,29.4,1052,9.5,1.4,92.6,.1
146,2017-07-18,24.9,22.5,55,27.7,1449,1.3,.8,94.6,0
146,2017-07-19,27.3,23.9,525,32,1533,0,.8,87.9,6
146,2017-07-20,28.8,24.7,454,34.1,1532,,.8,83.3,8.9
146,2017-07-21,29.7,26.5,305,34.3,1520,,.9,81.8,7.2
146,2017-07-22,29.2,26.7,446,32.4,1610,,.9,85.8,7.5
146,2017-07-23,28.5,26.5,615,31,1611,0,.5,88.4,0
146,2017-07-24,28.9,27.4,8,32,1312,.4,.9,90.5,0
146,2017-07-25,28.1,25.5,353,31.6,1551,16.1,1.2,91.5,5.7
146,2017-07-26,28.4,24.5,356,32.9,1534,,1,72.8,8.6
146,2017-07-27,27.9,23.5,518,32.8,1434,,1,79.4,8
146,2017-07-28,27.8,24.8,500,31,1414,0,1,87.1,3.4
146,2017-07-29,27.7,25.4,321,31.8,1450,1.9,1.3,88.6,7.8
146,2017-07-30,27.1,25.5,2327,31.5,1342,4.7,.5,92.3,1.5
146,2017-07-31,25.1,23.9,1730,26.6,814,23.7,.7,97.3,0
146,2017-08-01,28,22.6,441,33.8,1532,,1.2,81.3,7.4
146,2017-08-02,28.4,25.8,538,33.5,1432,4.6,.7,87.6,7.9
146,2017-08-03,29,24.3,554,33.6,1505,,1,71.8,11.8
146,2017-08-04,29.6,23.8,517,35,1440,,.9,75.8,10.8
146,2017-08-05,31.2,26.5,523,35.1,1347,,1,74.1,11.2
146,2017-08-06,30.5,26.8,547,35,1359,,1.1,75.6,8.8
146,2017-08-07,29.2,25.9,555,33.1,1416,,1.4,74.8,10.8
146,2017-08-08,28.4,25.6,403,31.7,1253,0,.5,73.6,.3
146,2017-08-09,25.1,22.8,531,28.2,1516,13.1,1.2,93.1,0
146,2017-08-10,27,24,259,30.8,1342,.8,1.5,83.6,5.7
146,2017-08-11,27.3,23.3,531,32.1,1519,,.9,77.3,8.9
146,2017-08-12,27.2,23.5,557,31.2,1337,,.7,76.8,4.4
146,2017-08-13,24.4,21.6,2346,26.8,1331,11.7,1,84.5,0
146,2017-08-14,23,20.9,532,26.3,1100,41.8,1.2,92.6,.5
146,2017-08-15,24.6,22.5,16,27.4,1412,1.6,1.4,91.6,0
146,2017-08-16,25.9,23.2,643,30.2,1439,1.3,1,87,3.6
146,2017-08-17,26,23.5,439,29.9,1407,0,1.1,83.4,7.1
146,2017-08-18,25.8,21.8,1234,30,1638,1.2,.8,81.9,8.3
146,2017-08-19,26.3,23,429,30.8,1224,0,.8,81.3,3.4
146,2017-08-20,26.7,23.9,903,31.2,1339,2.4,2.5,81.5,2.5
146,2017-08-21,24.9,22.3,132,28.9,1520,72.8,1.4,91.8,.9
146,2017-08-22,26.5,23.9,29,31.7,1245,9.6,.7,90.9,5.5
146,2017-08-23,29,25,159,33.1,1210,2.2,1.8,83.8,9.9
146,2017-08-24,28.3,24.1,2209,31.5,1437,79.1,2.9,85.8,6.2
146,2017-08-25,26.3,22.8,2400,31.5,1446,0,1.1,79.4,6.4
146,2017-08-26,23.9,19.5,608,29,1318,,1.4,62.8,8.6
146,2017-08-27,23.9,17.5,535,30.4,1354,,1.3,61.8,11.9
146,2017-08-28,24.9,20.1,545,28.8,1707,29.8,1.5,82.1,2.4
146,2017-08-29,21.5,18.1,2255,26.9,1645,.3,2.3,65.6,10.5
146,2017-08-30,18.9,16.5,623,21.9,1644,0,1.4,65.6,.4
146,2017-08-31,21.6,16.3,620,27.2,1345,,1.4,70.3,11.4
146,2017-09-01,22.3,16.1,551,28.4,1355,,1.3,63.9,12
146,2017-09-02,21.9,16.8,549,27,1526,,1.4,66.9,8.7
146,2017-09-03,22.9,16.8,616,28.9,1602,,1.1,61.4,10.9
146,2017-09-04,23.4,19.2,620,28.4,1323,,1.2,60.8,6.9
146,2017-09-05,20.4,19.5,1029,22.5,915,10.5,.8,89.4,0
146,2017-09-06,20.4,18,2251,23.3,1253,9.3,.9,92.6,0
146,2017-09-07,21.6,17.8,540,26.9,1531,0,1.3,84.5,6.2
146,2017-09-08,22.6,19.4,552,27.1,1344,,.9,83.8,6.5
146,2017-09-09,23.1,19.3,540,28,1357,,.7,84.1,5.9
146,2017-09-10,24,19.7,534,29.3,1231,0,.6,80.4,1.8
146,2017-09-11,20,17.3,404,23.4,3,33,1.7,96.6,0
146,2017-09-12,21.7,17.2,2359,27.2,1314,,1.3,83.8,9.8
146,2017-09-13,20.6,14.8,606,27,1503,,1.5,77.4,11.6
146,2017-09-14,21.7,14,538,28.2,1515,,1.1,73,11.6
146,2017-09-15,21.7,18.1,337,26.6,1224,,1.9,62.4,8
146,2017-09-16,20.8,15.7,646,25.4,1548,,1.5,71.6,3.9
146,2017-09-17,22.3,17.1,416,28.1,1253,,1.8,78.6,5.7
146,2017-09-18,21.4,17,450,26.3,1344,,1.7,81.9,9.3
146,2017-09-19,23.6,18.5,103,28.2,1348,,2.2,81.5,4.2
146,2017-09-20,20.4,15.9,2357,25.3,1539,0,2.2,75.9,7
146,2017-09-21,19.2,13,616,25.7,1401,,1.3,76.3,11.1
146,2017-09-22,20.9,15.6,442,27.4,1448,,1.5,74.6,11.2
146,2017-09-23,21.3,16.6,631,25.9,1409,,.9,86,4.7
146,2017-09-24,22.5,18.2,550,27.9,1448,,1.2,85.1,6.8
146,2017-09-25,23.2,18.5,747,30.4,1540,,1,82.1,7.1
146,2017-09-26,24.7,19,612,30.7,1349,,1.2,69.9,9.3
146,2017-09-27,19.5,18.1,531,23.9,51,39.1,1.6,96.8,.1
146,2017-09-28,19.8,16,2400,24.9,1337,,1.9,77.4,8.7
146,2017-09-29,16.7,12,721,22.3,1507,,1.3,57.8,7.9
146,2017-09-30,18.7,10.9,626,27.5,1441,,1.6,58.6,10.8
146,2017-10-01,16.8,14.2,1555,19.8,836,13.5,1.2,80.6,0
146,2017-10-02,19.8,17,800,23.4,1638,2.4,1.2,94.8,.7
146,2017-10-03,18.6,15.7,626,23.4,1356,,1.3,75.5,8.4
146,2017-10-04,17.8,12,624,23.6,1410,,1.2,75.9,8.3
146,2017-10-05,18.4,15.6,2357,22,1141,0,1.3,74.4,1.9
146,2017-10-06,16.8,14.7,233,18.5,1609,1.2,.6,97.3,0
146,2017-10-07,19.9,16.8,540,25.2,1507,,.7,88.5,3.7
146,2017-10-08,21.3,16.7,606,28,1518,,1.1,85.3,9
146,2017-10-09,22.1,17.2,618,27.7,1514,,1.3,82.5,10.2
146,2017-10-10,22.5,17.8,629,28,1350,,1.1,87.9,6.3
146,2017-10-11,17.6,14,2339,21.9,530,5,1.8,96.3,0
146,2017-10-12,12.5,10.9,2358,14.3,3,6.1,1.3,95.8,0
146,2017-10-13,12.8,7.7,707,18.9,1408,,1.5,73.9,9
146,2017-10-14,15,9.4,624,21.1,1427,,2.1,59.6,8.5
146,2017-10-15,15.5,11.5,644,20.6,1408,0,1,72.8,1.8
146,2017-10-16,16.4,13.7,428,21,1512,,1.3,75.8,1.9
146,2017-10-17,15.9,10.1,715,22.2,1316,,1,79.5,8.1
146,2017-10-18,16.8,14.1,32,20.3,1154,0,1.3,72.1,.7
146,2017-10-19,16.9,12.7,646,22.4,1517,,1,71.5,6.7
146,2017-10-20,16.7,11.5,620,23.5,1343,,1.3,73.9,10.5
146,2017-10-21,16.3,10.5,624,23.2,1439,,1.8,70.6,10.5
146,2017-10-22,16.4,9.8,646,22.6,1323,,2.7,61.6,9.4
146,2017-10-23,13.9,9.3,649,19.4,1332,,1.6,65.1,9.3
146,2017-10-24,12.8,8.9,515,19,1410,0,1.3,80.4,5.4
146,2017-10-25,12.8,7.6,614,18.8,1500,,1.5,81.3,9.7
146,2017-10-26,13.8,8.5,319,20,1510,,1,74.4,5.1
146,2017-10-27,15.3,10.7,735,22.1,1408,,1.1,71,5
146,2017-10-28,16.5,9.8,645,23.5,1524,,1.3,75.3,7.5
146,2017-10-29,11.9,7,2315,18,1228,,2.2,76.1,7.5
146,2017-10-30,8.2,4.2,711,13.4,1500,,1.4,53.5,9.9
146,2017-10-31,9.3,2.4,608,16.9,1422,,1.5,65.4,10
146,2017-11-01,12.7,6.5,659,18.9,1453,,1.4,77.1,5.4
146,2017-11-02,13.8,9.8,549,19.2,1525,,1.2,86.4,5.5
146,2017-11-03,11.8,7.8,2231,17.2,1059,0,2.2,80.9,4.2
146,2017-11-04,8.5,5,714,13.2,1416,,1.5,66,8.2
146,2017-11-05,8.4,1.8,619,15.6,1517,,1.2,72.3,9.8
146,2017-11-06,9.7,3.3,656,16.7,1427,,1.4,73.4,9.3
146,2017-11-07,15.8,9.1,300,22.1,1325,,1.1,77,4.4
146,2017-11-08,13.8,7.6,2358,18.5,1140,0,2.5,80.8,8
146,2017-11-09,9.8,3.5,653,17.6,1537,,1.1,63.4,9.6
146,2017-11-10,12.8,7.8,614,19.9,1356,0,2.9,74.8,3.5
146,2017-11-11,7.4,3.6,2400,12.7,1532,,1.7,61.9,9.5
146,2017-11-12,6.7,1.3,643,12.9,1525,,1.3,69.3,8.9
146,2017-11-13,8.7,2.2,509,13.6,1611,,1.2,69.1,1.8
146,2017-11-14,9.7,5.9,2343,14.2,1332,0,1.8,61.6,8.8
146,2017-11-15,6.7,4.6,2108,11,1332,0,1.9,55.6,5.4
146,2017-11-16,4.4,.6,544,9.5,1407,,1.2,57.3,9.5
146,2017-11-17,6.5,-.2,307,11.4,1437,0,1.3,58.3,2.9
146,2017-11-18,1.4,-2.1,2400,9.3,1,0,3.9,49.5,9.5
146,2017-11-19,1.2,-3.1,647,5.4,1245,,1.5,49.4,6.1
146,2017-11-20,4.7,-.4,512,9.4,1404,0,1.4,57,9
146,2017-11-21,3.9,-.8,637,9.7,1428,,1.3,65.1,9.5
146,2017-11-22,6.5,1.5,123,11.3,1227,0,2,70.3,.2
146,2017-11-23,2.4,.3,1011,5.4,1552,2.6,1.3,76.3,5
146,2017-11-24,2.6,-.3,2400,7.3,1230,.5,1.9,85.3,3.5
146,2017-11-25,6.8,-.5,43,12.4,1511,,2.2,67.6,8.5
146,2017-11-26,8.4,2.9,2324,12.2,1018,0,2.3,72.8,4.1
146,2017-11-27,3.9,-.9,611,9.8,1446,,.8,73.6,8.5
146,2017-11-28,7.4,1.4,530,14.4,1419,0,1,81.4,2.8
146,2017-11-29,7,2.7,2359,11,1259,0,2.4,54.5,4.6
146,2017-11-30,.9,-1.4,2256,5.5,1413,,2.6,42.8,8.5
146,2017-12-01,.1,-3.3,709,4.6,1506,,1.7,37.6,9.2
146,2017-12-02,3.9,-.2,2,9.3,1413,0,1.1,51.1,6.3
146,2017-12-03,7.1,.7,218,14.1,1339,,1.7,68,6.5
146,2017-12-04,2.9,-1.4,2350,7.5,45,.8,2.5,67.5,5.8
146,2017-12-05,-1.5,-4.8,716,1.8,1342,0,2,56,9.1
146,2017-12-06,3.4,-2.6,3,8.9,1426,.6,1.6,65.8,6.4
146,2017-12-07,4.1,.9,2354,7.4,1451,5.1,1.9,74.4,1
146,2017-12-08,-.5,-2.7,640,2.7,1353,,2.4,54.4,7.3
146,2017-12-09,2,-1.5,4,5.6,1346,.7,1.5,74.9,.1
146,2017-12-10,5.4,.3,2354,9.8,1149,3.4,2.8,75.5,2.4
146,2017-12-11,-2.8,-5.6,2312,.3,1,1,2.4,79.1,1.2
146,2017-12-12,-5.2,-7.9,558,-2.1,1500,,2.3,61,9.1
146,2017-12-13,-4.4,-7.3,642,0,1438,,1.4,57.3,9.1
146,2017-12-14,-3.7,-9.4,711,1.3,1517,,1,58.4,7
146,2017-12-15,-.5,-6.3,719,4.6,1442,0,1,50.4,4.1
146,2017-12-16,-1.4,-4.4,2228,1.6,216,0,2.3,55.8,5.2
146,2017-12-17,-3.4,-6.5,514,.4,1549,,1.6,56.6,8.4
146,2017-12-18,2,-5.1,55,7.1,1335,0,2,64.3,2.9
146,2017-12-19,-.3,-3,2029,4.8,2,0,2.2,57.9,5.7
146,2017-12-20,1,-4.6,724,6.3,1356,0,1.4,64.1,7.6
146,2017-12-21,.6,-2,701,4.2,1511,0,1.3,74.8,6.2
146,2017-12-22,3,-2.3,104,9,1446,,1.4,64,2.5
146,2017-12-23,5.7,.7,640,12.4,1354,,1.5,76.8,5.8
146,2017-12-24,6.2,2.9,2334,9.5,1359,22.7,2.4,86.6,.3
146,2017-12-25,.8,-1.4,727,3.6,1447,,2.6,56.9,9.1
146,2017-12-26,-.2,-4.2,2340,4.8,1320,.5,2.4,70.3,5.2
146,2017-12-27,-3.2,-6.7,739,.3,1507,,1.5,48.6,9.2
146,2017-12-28,-1.1,-5.6,204,2.7,1501,,1.2,59.1,.2
146,2017-12-29,3.8,-1,1,7.4,1543,0,.7,78.3,0
146,2017-12-30,4.6,.8,450,8.2,1238,1.5,1,78.5,1.1
146,2017-12-31,2.5,.2,728,6.2,1343,.2,2.2,64.1,7.9
146,2018-01-01,1,-2.7,800,5.2,1508,,1.2,58.9,8.2
146,2018-01-02,.7,-3.2,326,6.7,1255,0,1.6,74.6,3.3
146,2018-01-03,-1.7,-4.1,650,1.6,1515,,1.6,57.9,8.3
146,2018-01-04,-2.1,-4.3,816,.8,1449,,1.3,59.3,4.7
146,2018-01-05,-.2,-2.4,758,4.1,1448,,1.5,64.1,7.2
146,2018-01-06,-.1,-4.2,507,5,1512,,1.2,69.1,9
146,2018-01-07,.1,-4.7,651,3.6,1431,0,.9,73.8,.3
146,2018-01-08,1.7,.4,754,3,319,4,1.4,89.5,0
146,2018-01-09,-1.1,-2.8,747,.9,2,5,2.6,89.1,1.6
146,2018-01-10,-4.3,-7.4,2303,.1,151,5.3,2.1,84,2.7
146,2018-01-11,-7.9,-9.7,423,-4.8,1415,.1,1.3,71.8,6
146,2018-01-12,-8.1,-12.3,707,-4.8,1422,,1.4,67.3,8.7
146,2018-01-13,-1.2,-8.2,1,4.5,1435,0,1.4,69.1,7.8
146,2018-01-14,2.4,-4.3,628,7.5,1426,,1.8,68.4,5.3
146,2018-01-15,5.6,2.1,2359,9.9,1510,,1.4,80.4,6.4
146,2018-01-16,4.9,1.2,358,8.6,1353,5,1.1,86.5,0
146,2018-01-17,4.7,2.9,809,7.4,1545,6.7,1.3,93.8,1
146,2018-01-18,4.4,1,2357,8.2,1325,0,1.3,85.5,2.6
146,2018-01-19,.7,-2.6,746,5,1356,,1.1,72.1,5.8
146,2018-01-20,1.7,-4,659,8.2,1356,,1.2,73.9,7.6
146,2018-01-21,1.8,-2.1,754,6.2,1545,,1.1,73.1,5.5
146,2018-01-22,4.1,.1,2357,10.1,1252,2.3,2.5,65.9,2.5
146,2018-01-23,-5.6,-9.1,2354,.1,1,,3.7,53.1,8.7
146,2018-01-24,-10.2,-12.8,728,-6.3,1438,0,3.3,47,9.5
146,2018-01-25,-9.6,-13.4,715,-4.5,1531,,2.6,50,7.9
146,2018-01-26,-10.1,-13.6,718,-4.6,1547,,2.7,54.9,9.6
146,2018-01-27,-7.3,-15,621,-1.6,1452,,1.3,49,9.4
146,2018-01-28,-2.7,-5.5,2337,1.9,1432,0,2.2,47,7.6
146,2018-01-29,-5.1,-7.2,747,-1.4,1524,0,2,50.4,8.7
146,2018-01-30,-4.1,-10.1,653,1.5,1443,,1.5,55.1,8.2
146,2018-01-31,-.1,-4.3,210,4.8,1322,,1.4,60,4.2
146,2018-02-01,-1.4,-5.7,747,4.1,1433,,1.5,49.5,9.8
146,2018-02-02,-2.1,-7.4,532,3.6,1455,,1.3,50.5,9
146,2018-02-03,-4.2,-7.6,2326,-.9,1359,0,3.2,55.4,7.5
146,2018-02-04,-6.7,-9.3,700,-2,1405,,2.5,48.8,9.7
146,2018-02-05,-6.2,-9.9,621,-1.4,1431,,2.4,49.9,8.2
146,2018-02-06,-6.9,-10.7,646,-2.3,1429,.1,2.3,51.4,8.6
146,2018-02-07,-5.8,-11.6,747,-.1,1452,,1.5,54.6,9.7
146,2018-02-08,-2,-9.1,710,5.8,1524,,1.4,46.1,9.7
146,2018-02-09,3.1,-2.6,6,8.9,1358,,1.5,53.1,7
146,2018-02-10,.7,-4.7,2350,7.3,1244,,2.8,60.4,4.2
146,2018-02-11,-3,-5.4,542,.5,1451,.6,2.4,74.1,6.9
146,2018-02-12,-4,-7.9,712,1.4,1404,.7,2.5,81.5,5.8
146,2018-02-13,0,-5.9,728,5.8,1531,.3,1.9,64,10
146,2018-02-14,5.7,-.2,318,12.5,1323,,3,70.5,4.3
146,2018-02-15,1.2,-2,732,6.7,1623,,1.8,54.3,7.7
146,2018-02-16,.6,-3.5,756,6.9,1527,,1.3,58.8,7.8
146,2018-02-17,-.3,-2.9,544,4.4,1519,,2.3,41.6,9.3
146,2018-02-18,1.5,-2.8,730,7.2,1359,,1.1,31.5,2.3
146,2018-02-19,4,-.8,638,10.6,1529,,1.2,49.4,5.8
146,2018-02-20,2.7,-2.2,713,8.6,1439,,1.7,56.3,6.2
146,2018-02-21,.7,-2.3,732,5.3,1524,,1.8,34.5,5.5
146,2018-02-22,.8,-5.8,602,7.6,1513,,1.7,48.9,9.3
146,2018-02-23,6.6,-.1,1,11.3,1619,,2.3,62.1,4.5
146,2018-02-24,5,.4,332,11.9,1500,,1.4,64.9,4.7
146,2018-02-25,3.4,-.5,2353,10.8,1522,,1.5,49.1,5
146,2018-02-26,3.9,-3.5,720,12.3,1556,,1.3,45.4,10.4
146,2018-02-27,7.8,1.4,638,14.7,1344,,1.6,40.9,8.4
146,2018-02-28,6.4,1.8,2026,11.8,1102,19.8,2.4,74.6,0
146,2018-03-01,1.6,-2.4,2331,4.9,711,.3,4.1,75.3,8.7
146,2018-03-02,1.3,-4.8,723,8.5,1648,,1.4,55.4,10.5
146,2018-03-03,9.7,-.2,311,18.9,1542,,1.4,50.8,9.9
146,2018-03-04,15.8,10.7,31,22.7,1417,16.6,1.9,74.4,5.9
146,2018-03-05,8.4,4,2329,16.8,9,20.6,2.6,87.5,2.3
146,2018-03-06,6.3,.9,656,14.2,1543,,1.6,70,10.7
146,2018-03-07,7.1,2.9,204,12.3,1354,5,1.6,69.9,.9
146,2018-03-08,2.8,.4,649,6.4,1550,10.3,2.6,94.9,0
146,2018-03-09,3.1,1.1,2336,6,1654,,1.3,80.9,1.4
146,2018-03-10,4.4,.2,656,10.6,1422,,1.5,76.5,9.5
146,2018-03-11,6.9,1.2,205,14,1527,,1.4,73,9.3
146,2018-03-12,8.9,1,707,17.5,1502,,1.6,67.1,10.2
146,2018-03-13,15,6.3,1,22,1509,,2.5,55.9,9.8
146,2018-03-14,17.3,10.6,614,24.6,1536,,1.9,59.9,10.1
146,2018-03-15,12.8,5.9,2328,16.8,318,12.1,2.2,96.1,0
146,2018-03-16,8.1,5.1,2359,13.5,1433,.3,2,77,4.4
146,2018-03-17,7.7,3.8,216,14,1446,,1.6,72,9.5
146,2018-03-18,8.5,2.7,511,12.3,1514,10.1,.9,88.4,.1
146,2018-03-19,10.9,8.4,2115,14.2,1402,15.7,1.5,91.5,0
146,2018-03-20,8,1.5,2358,12.2,1248,0,3.3,49.6,3.6
146,2018-03-21,1.6,.1,512,3.6,1243,7,2.7,95.4,0
146,2018-03-22,4.6,.7,701,11.6,1421,0,1.9,76.8,10.8
146,2018-03-23,6.1,.8,602,12.6,1558,,1.4,71.4,10.6
146,2018-03-24,8.2,1.4,543,16.2,1452,,1.5,71.6,7.5
146,2018-03-25,9.6,2.4,651,18.5,1451,,1.3,83.3,9.9
146,2018-03-26,11.4,4.4,654,19.6,1547,,1.3,76.5,10.8
146,2018-03-27,13.8,7.1,553,21.8,1418,,1.9,68.1,9.8
146,2018-03-28,14.9,8.1,547,22.2,1450,,2.1,70.4,10.6
146,2018-03-29,15,10.2,559,22,1409,,1.4,80.9,3.7
146,2018-03-30,14.8,8.9,722,22,1432,,1.5,77.4,9
146,2018-03-31,15.8,9.8,508,22.9,1412,,1.7,60.1,9.9
146,2018-04-01,16.9,11.5,708,22.8,1617,0,1.6,71.1,1.6
146,2018-04-02,18.5,12.4,446,25.7,1454,,1.9,73.4,10.6
146,2018-04-03,19.1,13.9,519,25.3,1418,,1.6,74.1,6.3
146,2018-04-04,14.1,11.8,1153,18.5,409,5.7,1.6,95.3,.1
146,2018-04-05,11.2,9.7,2315,12.7,1123,20.2,1.9,95.5,0
146,2018-04-06,7.4,3.6,2058,10.6,1023,24.1,3.5,83.3,5.6
146,2018-04-07,5,.6,2246,9.2,1317,1.9,4.5,57.1,9.9
146,2018-04-08,8.7,0,528,15.4,1451,0,3.5,63.1,8.3
146,2018-04-09,12.5,7.6,622,18.9,1709,,1.5,58.1,10.2
146,2018-04-10,18.6,11.8,1,24.2,1356,0,3.5,49.4,10.3
146,2018-04-11,14.7,10,2339,20.6,1302,1.1,3.1,67.9,10.3
146,2018-04-12,12.5,5.7,550,19.8,1429,,1.8,50.6,9.5
146,2018-04-13,14.3,8.1,409,18.5,1633,0,1,45.8,.6
146,2018-04-14,9,7.4,2354,15,22,20.5,2.2,93.1,0
146,2018-04-15,8.8,6.1,2359,15.1,1258,,2.6,78.9,8
146,2018-04-16,10.3,3.3,558,18,1440,,1.5,68.3,10.5
146,2018-04-17,13.2,7.9,625,20.3,1459,,1.8,62.3,10.6
146,2018-04-18,12.1,6.3,554,20.1,1438,,1.6,60.6,12
146,2018-04-19,14.2,5.8,617,22.3,1516,,1.4,50.3,11.2
146,2018-04-20,17.8,9,527,28.4,1533,,1.4,56.4,11.6
146,2018-04-21,18.6,11.4,553,27.7,1332,,1.7,61.1,11.7
146,2018-04-22,19.1,15.5,44,25.4,1417,2.5,2.2,84.1,1
146,2018-04-23,14.5,12.9,2359,17.5,1,20.4,2.5,98,0
146,2018-04-24,13.3,11.3,541,15.4,1520,2.3,1.4,91.9,0
146,2018-04-25,14.9,8.8,530,22,1600,,1.5,58,10.5
146,2018-04-26,14.6,8,558,22.5,1443,,1.5,61.3,9.6
146,2018-04-27,14.7,8.4,440,21.6,1507,,1.5,68.4,10.6
146,2018-04-28,15.3,9.7,535,22.7,1520,,1.6,63.8,11.1
146,2018-04-29,16.3,8.2,509,25.2,1404,,1.5,57.5,11.9
146,2018-04-30,20.3,14.5,20,26.4,1454,,1.5,72.3,6.2
146,2018-05-01,21.4,16,520,27,1354,0,1.6,77.1,7.5
146,2018-05-02,16.2,10.2,2244,22.2,1417,35.2,2.6,93.3,.7
146,2018-05-03,11.6,9.3,327,15.7,1509,0,3.6,75.8,7.9
146,2018-05-04,14,7.8,549,19.8,1445,,2.7,54.6,12.3
146,2018-05-05,19.2,10.4,357,26.3,1534,0,1.9,46,10
146,2018-05-06,16.8,15,445,19.7,1,9.5,1.4,98.3,0
146,2018-05-07,17.7,15.2,2355,22.3,1718,15.6,1.3,94,2.1
146,2018-05-08,17.6,13,246,23.5,1508,,2.1,69.9,6.6
146,2018-05-09,15.5,9.2,513,21.9,1524,,1.8,70.8,12.6
146,2018-05-10,15.3,11.2,337,21.6,1503,,1.6,81.9,8.8
146,2018-05-11,17,10.3,630,24.5,1454,,1.4,63.6,9.8
146,2018-05-12,17.5,15.9,13,19.4,1254,17.9,1.9,90.1,0
146,2018-05-13,15.6,13,2305,19.6,1527,6.6,1.7,94.1,4.9
146,2018-05-14,20.1,12.7,636,27.6,1617,,1.2,78.6,9.5
146,2018-05-15,24.3,16.4,526,30.3,1305,0,1.5,73.4,5.5
146,2018-05-16,25.6,23.5,27,27.9,1109,0,2.6,88.9,.6
146,2018-05-17,25.8,23.9,543,29.2,1250,1.2,2.6,86.9,3.1
146,2018-05-18,19.3,15.8,2254,24.7,3,2.5,1.6,99,0
146,2018-05-19,18.7,14.5,2344,24.4,1527,0,1.6,76.6,3.3
146,2018-05-20,18,10.2,348,25.6,1244,,2.1,52.8,7.1
146,2018-05-21,18.5,10.6,537,25.5,1502,,1.4,68.3,8.8
146,2018-05-22,18.9,14.3,530,25.6,1211,13.1,1.3,82.1,5.7
146,2018-05-23,17.5,12.7,2354,23.8,1312,18.1,2.7,78.5,10.8
146,2018-05-24,18.7,10.8,520,26.1,1436,,1.8,63.4,12.9
146,2018-05-25,20.1,12.1,511,26.3,1356,,1.3,57.9,7.1
146,2018-05-26,21.2,13.7,510,29,1453,,1.5,66.1,12.8
146,2018-05-27,20.6,16.5,434,26.4,1241,,1.2,63.5,2.6
146,2018-05-28,21.6,16.2,435,29.5,1318,,1.2,69,8.2
146,2018-05-29,22.3,16.3,441,28.1,1346,,1.5,82.9,9.6
146,2018-05-30,20.3,15.7,2355,24.3,1610,2.4,1.4,95.4,3.1
146,2018-05-31,19.4,15.3,203,26.5,1548,,1.6,79.4,11
146,2018-06-01,22.6,15.2,521,30.5,1445,,1.7,69.4,13.1
146,2018-06-02,23.7,16.3,547,31,1406,,1.5,59.5,13.2
146,2018-06-03,23.4,16.9,532,31.3,1408,,1.4,58.5,10
146,2018-06-04,22.7,17.5,505,28.5,1343,,1.5,62.9,7.6
146,2018-06-05,22.9,17.9,457,28.2,1502,0,1.2,73.5,3.6
146,2018-06-06,22.7,19.1,407,29.2,1446,,1.4,84,7.9
146,2018-06-07,22.5,19,557,29.7,1546,,1.6,87.4,8.1
146,2018-06-08,21,17.7,416,27.1,1621,,1.6,88.1,5.9
146,2018-06-09,22.5,17.4,222,29.7,1406,0,1.8,84.3,5.1
146,2018-06-10,22.6,18.1,533,27.7,1120,0,1.6,74.1,4.5
146,2018-06-11,20,17.4,558,25.7,1437,13,1.3,93.4,.9
146,2018-06-12,20.2,17.8,2351,24.3,1533,,2,89.1,5.5
146,2018-06-13,22.4,17.1,520,28.7,1450,,1.4,81.6,10.4
146,2018-06-14,23.4,19,554,30.2,1528,,1.4,76.6,8
146,2018-06-15,23,17.4,438,28.2,1459,,1.8,66.5,11.4
146,2018-06-16,22.1,17,451,29.1,1502,,1.8,71.9,11.2
146,2018-06-17,22.4,17.5,533,28.2,1532,,1.3,83.8,4.3
146,2018-06-18,24.1,19.5,514,29.9,1611,,1.5,71,10.4
146,2018-06-19,21.1,19.5,2205,23.7,946,1.9,.7,92,0
146,2018-06-20,22.1,18.6,148,28.2,1439,,1.4,86.4,6.4
146,2018-06-21,22.5,18.5,204,29.2,1543,,1.6,81.5,10.3
146,2018-06-22,24.3,17.5,548,31.8,1356,,1.2,66.4,7.9
146,2018-06-23,23.6,20.5,531,30.3,1452,,1.5,71.8,7.1
146,2018-06-24,24.8,19.9,402,31.8,1439,,1.4,74,11.2
146,2018-06-25,26.1,18.7,524,34.8,1427,,1.3,63.5,9.2
146,2018-06-26,25.7,22.7,318,28.6,1353,19.2,2.6,90.9,0
146,2018-06-27,25.2,22.4,750,29.8,1501,75.6,2,93.9,5.1
146,2018-06-28,23.9,22.1,2359,26.3,1419,25.1,1.1,95.8,0
146,2018-06-29,25.2,21.9,113,29.7,1343,.2,1.3,91.1,8
146,2018-06-30,24.1,21.6,1835,28.9,1139,2.2,1.7,92,.1
146,2018-07-01,22.2,20.1,450,28.2,1140,107.4,1.7,97.4,.2
146,2018-07-02,23.7,20.6,214,26.7,1924,39.2,1.1,99,.2
146,2018-07-03,26.3,22.3,500,30.8,1252,0,2.2,86.6,7
146,2018-07-04,25.9,23.6,546,29.9,1603,0,1.7,92.4,8.7
146,2018-07-05,25.4,22.9,704,30.4,1514,7,1.1,91.8,5.5
146,2018-07-06,22.8,20.8,2355,24.5,1116,.5,1.3,96.8,.2
146,2018-07-07,24.4,18.3,529,29.4,1455,,1.4,76.5,7.9
146,2018-07-08,24.3,20.7,715,28.6,1435,,1.3,78.6,1.1
146,2018-07-09,22.8,20.7,937,24.8,2015,12.6,1.3,94.9,0
146,2018-07-10,27.5,23.5,524,31.5,1306,,1.9,85.3,5.9
146,2018-07-11,28.8,25.6,334,32.8,1641,,1.5,83.4,6.8
146,2018-07-12,28.2,24.7,544,33,1420,,1.6,87.6,9.3
146,2018-07-13,28.1,25.4,450,32.9,1417,,1.6,88.3,11.5
146,2018-07-14,28.3,24.7,457,33,1555,,1.4,86.9,10
146,2018-07-15,28.9,24.4,518,33.9,1743,,1.4,80.9,13.3
146,2018-07-16,28.2,23,543,33.3,1325,,1.4,81.4,12
146,2018-07-17,28.6,24.5,545,33.6,1409,,1.3,77.9,11.9
146,2018-07-18,28.7,24.6,514,33.4,1543,,1.2,78.9,10.8
146,2018-07-19,28.5,24.8,351,33.3,1553,,1.3,80.4,10.5
146,2018-07-20,29.5,24.1,357,36,1558,,1.2,82,12.4
146,2018-07-21,29.8,25.8,307,36.3,1356,.6,1.1,85.4,7.7
146,2018-07-22,30.6,26.2,551,35.8,1413,,1.6,75.9,8.6
146,2018-07-23,30.5,24.6,530,36,1455,,1.6,74.1,8.8
146,2018-07-24,30.6,26.5,453,36.5,1337,,1.6,79,12.7
146,2018-07-25,29.9,26.8,501,34.8,1437,,1.7,84.5,9.9
146,2018-07-26,30,26,417,34.8,1315,,1.6,80.4,12.8
146,2018-07-27,30.1,25.8,540,36,1627,,1.6,82.9,11.9
146,2018-07-28,29,24.5,1842,34.7,1317,1.8,1.6,90,7.8
146,2018-07-29,30.2,25.3,432,34.9,1410,,2.2,76.3,12.4
146,2018-07-30,30.5,25.7,519,36.1,1616,,1.9,70.8,9.3
146,2018-07-31,30.8,24.9,605,36.8,1354,,1.4,71.1,9.5
146,2018-08-01,32,25.3,556,38.4,1413,,1.7,69.1,12.5
146,2018-08-02,32.1,26.7,349,37.2,1322,,1.4,71.5,9.2
